Fecha,Hora,Archivo/Referencia,Tokens Entrada (Prompt),Tokens Salida (Completion),Total Tokens,Coste Estimado (USD)
2025-12-22,18:06:42,entrevista_juan.txt,1403,298,1701,0.000389
2025-12-23,16:47:36,entrevista_Paola_Suarez.vtt,14511,459,14970,0.002452
2025-12-29,11:48:35,entrevista_Paola_Suarez.vtt,14589,360,14949,0.002404
2025-12-29,11:52:36,entrevista_Paola_Suarez.vtt,14589,357,14946,0.002403
2025-12-29,12:03:11,entrevista_Paola_Suarez.vtt,14589,358,14947,0.002403
2025-12-29,12:05:04,entrevista_Paola_Suarez.vtt,14592,393,14985,0.002425
2025-12-29,12:09:21,entrevista_Paola_Suarez.vtt,14588,836,15424,0.002690
2025-12-29,12:15:08,entrevista_Paola_Suarez.vtt,14679,567,15246,0.002542
2025-12-29,12:24:52,entrevista_Paola_Suarez.vtt,14933,598,15531,0.002599
2025-12-29,12:40:40,entrevista_Paola_Suarez.vtt,14933,584,15517,0.002590
2025-12-29,12:46:08,entrevista_Paola_Suarez.vtt,14948,198,15146,0.002361
2025-12-29,13:01:34,entrevista_Paola_Suarez.vtt,15092,544,15636,0.002590
2025-12-29,13:32:41,entrevista_Paola_Suarez.vtt,14828,620,15448,0.002596
2025-12-29,13:44:26,entrevista_Paola_Suarez.vtt,15417,948,16365,0.002881
2025-12-29,13:52:15,entrevista_Paola_Suarez.vtt,15131,1033,16164,0.002889
2025-12-29,13:54:54,entrevista_Paola_Suarez.vtt,15131,1018,16149,0.002880
2025-12-29,14:00:21,entrevista_Paola_Suarez.vtt,15094,821,15915,0.002757
2025-12-29,14:09:58,entrevista_Paola_Suarez.vtt,15245,465,15710,0.002566
2025-12-29,14:15:40,entrevista_Paola_Suarez.vtt,15302,732,16034,0.002734
2025-12-29,15:16:59,entrevista_Paola_Suarez.vtt,15303,753,16056,0.002747
2025-12-29,15:19:15,entrevista_Paola_Suarez.vtt,15423,836,16259,0.002815
2025-12-29,15:22:14,entrevista_Paola_Suarez.vtt,15256,398,15654,0.002527
2025-12-29,15:55:22,entrevista_Paola_Suarez.vtt,15600,787,16387,0.002812
2025-12-29,17:11:57,entrevista_Paola_Suarez.vtt,51252,716,51968,0.008117
2025-12-29,17:25:24,entrevista_Paola_Suarez.vtt,51252,712,51964,0.008115
2025-12-29,17:28:27,entrevista_Paola_Suarez.vtt,51252,816,52068,0.008177
2025-12-29,17:30:54,entrevista_Paola_Suarez.vtt,51252,735,51987,0.008129
2025-12-29,17:44:11,entrevista_Paola_Suarez.vtt,51252,725,51977,0.008123
2025-12-29,17:44:28,Ivan Canale - Executive MBA-es-ES.vtt,60399,737,61136,0.009502
2025-12-29,17:53:56,entrevista_Paola_Suarez.vtt,14237,718,14955,0.002566
2025-12-29,17:54:16,Ivan Canale - Executive MBA-es-ES.vtt,16401,738,17139,0.002903
2025-12-29,18:11:00,entrevista_Paola_Suarez.vtt,13718,251,13969,0.002208
2025-12-29,18:11:07,Ivan Canale - Executive MBA-es-ES.vtt,15882,284,16166,0.002553
2025-12-29,18:14:57,entrevista_Paola_Suarez.vtt,13718,251,13969,0.002208
2025-12-29,18:15:04,Ivan Canale - Executive MBA-es-ES.vtt,15882,284,16166,0.002553
2025-12-29,18:18:49,entrevista_Paola_Suarez.vtt,13575,407,13982,0.002280
2025-12-29,18:18:57,Ivan Canale - Executive MBA-es-ES.vtt,15739,420,16159,0.002613
2025-12-29,18:24:42,entrevista_Paola_Suarez.vtt,14018,731,14749,0.002541
2025-12-29,18:24:57,Ivan Canale - Executive MBA-es-ES.vtt,16182,723,16905,0.002861
2025-12-29,18:29:27,entrevista_Paola_Suarez.vtt,14005,738,14743,0.002544
2025-12-29,18:29:40,Ivan Canale - Executive MBA-es-ES.vtt,16175,795,16970,0.002903
2025-12-29,18:45:37,entrevista_Paola_Suarez.vtt,14005,756,14761,0.002554
2025-12-29,18:45:55,Ivan Canale - Executive MBA-es-ES.vtt,16169,762,16931,0.002883
2025-12-29,18:47:43,entrevista_Paola_Suarez.vtt,14005,723,14728,0.002535
2025-12-29,18:47:58,Ivan Canale - Executive MBA-es-ES.vtt,16169,763,16932,0.002883
2025-12-29,18:48:14,OBS Business School  Uriel Ponce Orozco Máster en Dirección de Recursos Humanos y Gestión del Talento-20251212_160110-Grabación de la reunión-es-ES.vtt,13461,780,14241,0.002487
2025-12-29,18:48:30,OBS Business School - Máster en Business Intelligence - Raúl Alfredo-20251209_194055-Grabación de la reunión-es-ES.vtt,6884,834,7718,0.001533
2025-12-29,18:48:44,Sebastián Figueroa - OBS Business School - Tech MBA-20251212_170103-Grabación de la reunión-es-ES.vtt,11695,768,12463,0.002215
2025-12-30,09:32:36,entrevista_Paola_Suarez.vtt,14005,737,14742,0.002543
2025-12-30,09:32:55,Ivan Canale - Executive MBA-es-ES.vtt,16169,759,16928,0.002881
2025-12-30,09:33:12,OBS Business School  Uriel Ponce Orozco Máster en Dirección de Recursos Humanos y Gestión del Talento-20251212_160110-Grabación de la reunión-es-ES.vtt,13461,766,14227,0.002479
2025-12-30,09:33:29,OBS Business School - Máster en Business Intelligence - Raúl Alfredo-20251209_194055-Grabación de la reunión-es-ES.vtt,6884,828,7712,0.001529
2025-12-30,09:33:44,Sebastián Figueroa - OBS Business School - Tech MBA-20251212_170103-Grabación de la reunión-es-ES.vtt,11695,702,12397,0.002175
2025-12-30,09:35:33,OBS Business School  Uriel Ponce Orozco Máster en Dirección de Recursos Humanos y Gestión del Talento-20251212_160110-Grabación de la reunión-es-ES.vtt,13461,771,14232,0.002482
2025-12-30,09:38:03,Uriel Ponce Orozco Máster en Dirección de Recursos Humanos y Gestión del Talento-20251212_160110.vtt,13449,737,14186,0.002460
2025-12-30,09:39:58,entrevista_Paola_Suarez.vtt,14005,742,14747,0.002546
2025-12-30,09:40:15,Ivan Canale - Executive MBA-es-ES.vtt,16169,774,16943,0.002890
2025-12-30,09:40:34,OBS Business School - Máster en Business Intelligence - Raúl Alfredo-20251209_194055-Grabación de la reunión-es-ES.vtt,6884,802,7686,0.001514
2025-12-30,09:40:47,Sebastián Figueroa - OBS Business School - Tech MBA-20251212_170103-Grabación de la reunión-es-ES.vtt,11695,741,12436,0.002199
2025-12-30,09:41:02,Uriel Ponce Orozco Máster en Dirección de Recursos Humanos y Gestión del Talento-20251212_160110.vtt,13449,792,14241,0.002493
2025-12-30,09:51:04,entrevista_Paola_Suarez.vtt,14005,782,14787,0.002570
2025-12-30,09:51:20,Ivan Canale - Executive MBA-es-ES.vtt,16169,734,16903,0.002866
2025-12-30,09:51:39,Manuel Martínez- Máster en Neuromarketing y comportamiento del consumidor-es-ES.vtt,12844,825,13669,0.002422
2025-12-30,09:51:58,OBS Business School - Business Intelligence - Santiago Vargas-20251219_170017.vtt,11924,781,12705,0.002257
2025-12-30,09:52:16,OBS Business School - Máster en Business Intelligence - Esther Lopez-20251209_194055-es-ES.vtt,6884,763,7647,0.001490
2025-12-30,09:52:34,Vicente Spina Máster en Dirección de Recursos Humanos y Gestión del Talento-20251212_160110.vtt,13446,798,14244,0.002496
2025-12-30,10:11:27,entrevista_Paola_Suarez.vtt,14075,758,14833,0.002566
2025-12-30,10:11:44,Ivan Canale - Executive MBA-es-ES.vtt,16239,728,16967,0.002873
2025-12-30,10:12:00,Manuel Martínez- Máster en Neuromarketing y comportamiento del consumidor-es-ES.vtt,12899,701,13600,0.002355
2025-12-30,10:12:16,OBS Business School - Business Intelligence - Santiago Vargas-20251219_170017.vtt,11994,701,12695,0.002220
2025-12-30,10:12:29,OBS Business School - Máster en Business Intelligence - Esther Lopez-20251209_194055-es-ES.vtt,6954,674,7628,0.001448
2025-12-30,10:12:44,Vicente Spina Máster en Dirección de Recursos Humanos y Gestión del Talento-20251212_160110.vtt,13496,745,14241,0.002471
2025-12-30,10:17:53,entrevista_Paola_Suarez.vtt,14075,724,14799,0.002546
2025-12-30,10:18:05,Ivan Canale - Executive MBA-es-ES.vtt,16239,726,16965,0.002871
2025-12-30,10:18:18,Manuel Martínez- Máster en Neuromarketing y comportamiento del consumidor-es-ES.vtt,12899,741,13640,0.002379
2025-12-30,10:18:31,OBS Business School - Business Intelligence - Santiago Vargas-20251219_170017.vtt,11994,726,12720,0.002235
2025-12-30,10:18:42,OBS Business School - Máster en Business Intelligence - Esther Lopez-20251209_194055-es-ES.vtt,6954,678,7632,0.001450
2025-12-30,10:18:55,Vicente Spina Máster en Dirección de Recursos Humanos y Gestión del Talento-20251212_160110.vtt,13496,694,14190,0.002441
2025-12-30,12:59:05,entrevista_Paola_Suarez.vtt,14126,652,14778,0.002510
2025-12-30,12:59:18,Ivan Canale - Executive MBA-es-ES.vtt,16290,715,17005,0.002873
2025-12-30,12:59:33,Manuel Martínez- Máster en Neuromarketing y comportamiento del consumidor-es-ES.vtt,12950,654,13604,0.002335
2025-12-30,12:59:47,OBS Business School - Business Intelligence - Santiago Vargas-20251219_170017.vtt,12045,680,12725,0.002215
2025-12-30,12:59:57,OBS Business School - Máster en Business Intelligence - Esther Lopez-20251209_194055-es-ES.vtt,7005,577,7582,0.001397
2025-12-30,13:00:15,Vicente Spina Máster en Dirección de Recursos Humanos y Gestión del Talento-20251212_160110.vtt,13547,675,14222,0.002437
2025-12-30,17:22:08,entrevista_Paola_Suarez.vtt,13870,941,14811,0.002645
2025-12-30,17:22:29,Ivan Canale - Executive MBA-es-ES.vtt,16034,857,16891,0.002919
2025-12-30,17:22:49,Manuel Martínez- Máster en Neuromarketing y comportamiento del consumidor-es-ES.vtt,12694,742,13436,0.002349
2025-12-30,17:23:12,OBS Business School - Business Intelligence - Santiago Vargas-20251219_170017.vtt,11789,996,12785,0.002366
2025-12-30,17:23:28,OBS Business School - Máster en Business Intelligence - Esther Lopez-20251209_194055-es-ES.vtt,6749,660,7409,0.001408
2025-12-30,17:23:46,Vicente Spina Máster en Dirección de Recursos Humanos y Gestión del Talento-20251212_160110.vtt,13291,806,14097,0.002477
2025-12-30,17:40:45,entrevista_Paola_Suarez.vtt,14253,548,14801,0.002467
2025-12-30,17:40:57,Ivan Canale - Executive MBA-es-ES.vtt,16417,651,17068,0.002853
2025-12-30,17:41:12,Manuel Martínez- Máster en Neuromarketing y comportamiento del consumidor-es-ES.vtt,13077,660,13737,0.002358
2025-12-30,17:41:26,OBS Business School - Business Intelligence - Santiago Vargas-20251219_170017.vtt,12172,639,12811,0.002209
2025-12-30,17:41:42,OBS Business School - Máster en Business Intelligence - Esther Lopez-20251209_194055-es-ES.vtt,7132,757,7889,0.001524
2025-12-30,17:41:55,Vicente Spina Máster en Dirección de Recursos Humanos y Gestión del Talento-20251212_160110.vtt,13674,690,14364,0.002465
2025-12-30,17:58:48,entrevista_Paola_Suarez.vtt,13988,775,14763,0.002563
2025-12-30,17:59:20,Ivan Canale - Executive MBA-es-ES.vtt,16152,754,16906,0.002875
2025-12-30,17:59:37,Manuel Martínez- Máster en Neuromarketing y comportamiento del consumidor-es-ES.vtt,12812,784,13596,0.002392
2025-12-30,17:59:50,OBS Business School - Business Intelligence - Santiago Vargas-20251219_170017.vtt,11907,718,12625,0.002217
2025-12-30,18:00:04,OBS Business School - Máster en Business Intelligence - Esther Lopez-20251209_194055-es-ES.vtt,6867,837,7704,0.001532
2025-12-30,18:00:42,Vicente Spina Máster en Dirección de Recursos Humanos y Gestión del Talento-20251212_160110.vtt,13409,826,14235,0.002507
2025-12-30,18:09:11,entrevista_Paola_Suarez.vtt,14660,833,15493,0.002699
2025-12-30,18:09:28,Ivan Canale - Executive MBA-es-ES.vtt,16824,867,17691,0.003044
2025-12-30,18:09:47,Manuel Martínez- Máster en Neuromarketing y comportamiento del consumidor-es-ES.vtt,13484,862,14346,0.002540
2025-12-30,18:10:03,OBS Business School - Business Intelligence - Santiago Vargas-20251219_170017.vtt,12579,781,13360,0.002355
2025-12-30,18:10:20,OBS Business School - Máster en Business Intelligence - Esther Lopez-20251209_194055-es-ES.vtt,7539,771,8310,0.001593
2025-12-30,18:10:36,Vicente Spina Máster en Dirección de Recursos Humanos y Gestión del Talento-20251212_160110.vtt,14081,808,14889,0.002597
2025-12-30,18:17:55,entrevista_Paola_Suarez.vtt,14485,929,15414,0.002730
2025-12-30,18:18:11,Ivan Canale - Executive MBA-es-ES.vtt,16649,849,17498,0.003007
2025-12-30,18:18:29,Manuel Martínez- Máster en Neuromarketing y comportamiento del consumidor-es-ES.vtt,13309,959,14268,0.002572
2025-12-30,18:18:46,OBS Business School - Business Intelligence - Santiago Vargas-20251219_170017.vtt,12404,960,13364,0.002437
2025-12-30,18:19:04,OBS Business School - Máster en Business Intelligence - Esther Lopez-20251209_194055-es-ES.vtt,7364,942,8306,0.001670
2025-12-30,18:19:24,Vicente Spina Máster en Dirección de Recursos Humanos y Gestión del Talento-20251212_160110.vtt,13906,933,14839,0.002646
2026-01-02,10:21:48,entrevista_Paola_Suarez.vtt,14012,1130,15142,0.002780
2026-01-02,10:22:12,Ivan Canale - Executive MBA-es-ES.vtt,16176,1123,17299,0.003100
2026-01-02,10:22:40,Manuel Martínez- Máster en Neuromarketing y comportamiento del consumidor-es-ES.vtt,12836,1243,14079,0.002671
2026-01-02,10:23:05,OBS Business School - Business Intelligence - Santiago Vargas-20251219_170017.vtt,11931,1096,13027,0.002447
2026-01-02,10:23:30,OBS Business School - Máster en Business Intelligence - Esther Lopez-20251209_194055-es-ES.vtt,6891,1215,8106,0.001763
2026-01-02,10:23:54,Vicente Spina Máster en Dirección de Recursos Humanos y Gestión del Talento-20251212_160110.vtt,13433,1223,14656,0.002749
2026-01-02,13:41:19,entrevista_Paola_Suarez.vtt_extractor,13661,661,14322,0.002446
2026-01-02,13:41:43,entrevista_Paola_Suarez.vtt_evaluador,3306,1193,4499,0.001212
2026-01-02,13:41:53,Ivan Canale - Executive MBA-es-ES.vtt_extractor,15825,539,16364,0.002697
2026-01-02,13:42:17,Ivan Canale - Executive MBA-es-ES.vtt_evaluador,3184,1067,4251,0.001118
2026-01-02,13:42:30,Manuel Martínez- Máster en Neuromarketing y comportamiento del consumidor-es-ES.vtt_extractor,12485,525,13010,0.002188
2026-01-02,13:42:58,Manuel Martínez- Máster en Neuromarketing y comportamiento del consumidor-es-ES.vtt_evaluador,3170,1193,4363,0.001191
2026-01-02,13:43:14,OBS Business School - Business Intelligence - Santiago Vargas-20251219_170017.vtt_extractor,11580,680,12260,0.002145
2026-01-02,13:43:43,OBS Business School - Business Intelligence - Santiago Vargas-20251219_170017.vtt_evaluador,3307,1262,4569,0.001253
2026-01-02,13:43:56,OBS Business School - Máster en Business Intelligence - Esther Lopez-20251209_194055-es-ES.vtt_extractor,6540,679,7219,0.001388
2026-01-02,13:44:22,OBS Business School - Máster en Business Intelligence - Esther Lopez-20251209_194055-es-ES.vtt_evaluador,3306,1251,4557,0.001246
2026-01-02,13:44:35,Vicente Spina Máster en Dirección de Recursos Humanos y Gestión del Talento-20251212_160110.vtt_extractor,13082,527,13609,0.002278
2026-01-02,13:44:58,Vicente Spina Máster en Dirección de Recursos Humanos y Gestión del Talento-20251212_160110.vtt_evaluador,3181,1161,4342,0.001174
2026-01-02,14:33:02,entrevista_Paola_Suarez_full,13311,626,13937,0.002372
2026-01-02,14:33:18,Ivan Canale - Executive MBA-es-ES_full,15475,692,16167,0.002736
2026-01-02,14:33:30,Manuel Martínez- Máster en Neuromarketing y comportamiento del consumidor-es-ES_full,12135,613,12748,0.002188
2026-01-02,14:33:44,OBS Business School - Business Intelligence - Santiago Vargas-20251219_170017_full,11230,758,11988,0.002139
2026-01-02,14:33:58,OBS Business School - Máster en Business Intelligence - Esther Lopez-20251209_194055-es-ES_full,6190,673,6863,0.001332
2026-01-02,14:34:11,Vicente Spina Máster en Dirección de Recursos Humanos y Gestión del Talento-20251212_160110_full,12732,565,13297,0.002249
2026-01-02,14:35:09,entrevista_Paola_Suarez_full,18297,738,19035,0.003187
2026-01-02,14:35:22,Ivan Canale - Executive MBA-es-ES_full,20461,673,21134,0.003473
2026-01-02,14:35:37,Manuel Martínez- Máster en Neuromarketing y comportamiento del consumidor-es-ES_full,17121,756,17877,0.003022
2026-01-02,14:35:50,OBS Business School - Business Intelligence - Santiago Vargas-20251219_170017_full,16216,789,17005,0.002906
2026-01-02,14:36:05,OBS Business School - Máster en Business Intelligence - Esther Lopez-20251209_194055-es-ES_full,11176,754,11930,0.002129
2026-01-02,14:36:17,Vicente Spina Máster en Dirección de Recursos Humanos y Gestión del Talento-20251212_160110_full,17718,584,18302,0.003008
2026-01-02,14:39:21,entrevista_Paola_Suarez_full,18760,1544,20304,0.003740
2026-01-02,14:39:53,Ivan Canale - Executive MBA-es-ES_full,20924,1590,22514,0.004093
2026-01-02,14:40:25,Manuel Martínez- Máster en Neuromarketing y comportamiento del consumidor-es-ES_full,17584,1642,19226,0.003623
2026-01-02,14:40:53,OBS Business School - Business Intelligence - Santiago Vargas-20251219_170017_full,16679,1543,18222,0.003428
2026-01-02,14:41:21,OBS Business School - Máster en Business Intelligence - Esther Lopez-20251209_194055-es-ES_full,11639,1532,13171,0.002665
2026-01-02,14:41:55,Vicente Spina Máster en Dirección de Recursos Humanos y Gestión del Talento-20251212_160110_full,18181,1662,19843,0.003724
2026-01-02,14:45:04,entrevista_Paola_Suarez_full,18760,1530,20290,0.003732
2026-01-02,14:45:37,Ivan Canale - Executive MBA-es-ES_full,20924,1626,22550,0.004114
2026-01-02,14:46:08,Manuel Martínez- Máster en Neuromarketing y comportamiento del consumidor-es-ES_full,17584,1657,19241,0.003632
2026-01-02,14:46:47,OBS Business School - Business Intelligence - Santiago Vargas-20251219_170017_full,16679,1583,18262,0.003452
2026-01-02,14:47:28,OBS Business School - Máster en Business Intelligence - Esther Lopez-20251209_194055-es-ES_full,11639,1571,13210,0.002688
2026-01-02,14:48:06,Vicente Spina Máster en Dirección de Recursos Humanos y Gestión del Talento-20251212_160110_full,18181,1626,19807,0.003703
2026-01-02,14:55:38,entrevista_Paola_Suarez_full,18808,1453,20261,0.003693
2026-01-02,14:55:56,Ivan Canale - Executive MBA-es-ES_full,20972,1648,22620,0.004135
2026-01-02,14:56:17,Manuel Martínez- Máster en Neuromarketing y comportamiento del consumidor-es-ES_full,17632,1651,19283,0.003635
2026-01-02,14:56:39,OBS Business School - Business Intelligence - Santiago Vargas-20251219_170017_full,16727,1601,18328,0.003470
2026-01-02,14:57:00,OBS Business School - Máster en Business Intelligence - Esther Lopez-20251209_194055-es-ES_full,11687,1682,13369,0.002762
2026-01-02,14:57:25,Vicente Spina Máster en Dirección de Recursos Humanos y Gestión del Talento-20251212_160110_full,18229,1918,20147,0.003885
2026-01-02,15:04:31,entrevista_Paola_Suarez_full,18808,1399,20207,0.003661
2026-01-02,15:04:57,Ivan Canale - Executive MBA-es-ES_full,20972,1612,22584,0.004113
2026-01-02,15:05:26,Manuel Martínez- Máster en Neuromarketing y comportamiento del consumidor-es-ES_full,17632,1613,19245,0.003613
2026-01-02,15:05:57,OBS Business School - Business Intelligence - Santiago Vargas-20251219_170017_full,16727,1632,18359,0.003488
2026-01-02,15:06:28,OBS Business School - Máster en Business Intelligence - Esther Lopez-20251209_194055-es-ES_full,11687,1643,13330,0.002739
2026-01-02,15:06:55,Vicente Spina Máster en Dirección de Recursos Humanos y Gestión del Talento-20251212_160110_full,18229,1585,19814,0.003685
2026-01-02,15:24:32,entrevista_Paola_Suarez_full,18816,1373,20189,0.003646
2026-01-02,15:25:03,Ivan Canale - Executive MBA-es-ES_full,20980,1767,22747,0.004207
2026-01-02,15:25:34,Manuel Martínez- Máster en Neuromarketing y comportamiento del consumidor-es-ES_full,17640,1603,19243,0.003608
2026-01-02,15:26:05,OBS Business School - Business Intelligence - Santiago Vargas-20251219_170017_full,16735,1699,18434,0.003530
2026-01-02,15:26:36,OBS Business School - Máster en Business Intelligence - Esther Lopez-20251209_194055-es-ES_full,11695,1590,13285,0.002708
2026-01-02,15:27:13,Vicente Spina Máster en Dirección de Recursos Humanos y Gestión del Talento-20251212_160110_full,18237,1801,20038,0.003816
2026-01-02,15:31:45,entrevista_Paola_Suarez_diarizacion,12027,11873,23900,0.008928
2026-01-02,15:32:17,entrevista_Paola_Suarez_full,18797,1431,20228,0.003678
2026-01-02,15:38:00,Ivan Canale - Executive MBA-es-ES_diarizacion,14191,14209,28400,0.010654
2026-01-02,15:38:34,Ivan Canale - Executive MBA-es-ES_full,21095,1685,22780,0.004175
2026-01-02,15:47:31,entrevista_Paola_Suarez_diar_1,12057,11892,23949,0.008944
2026-01-02,15:48:10,entrevista_Paola_Suarez_full,18944,1867,20811,0.003962
2026-01-02,15:53:18,Ivan Canale - Executive MBA-es-ES_diar_1,14229,14014,28243,0.010543
2026-01-02,15:53:59,Ivan Canale - Executive MBA-es-ES_full,21068,1892,22960,0.004295
2026-01-02,15:57:23,Manuel Martínez- Máster en Neuromarketing y comportamiento del consumidor-es-ES_diar_1,10907,10801,21708,0.008117
2026-01-02,16:03:50,Manuel Martínez- Máster en Neuromarketing y comportamiento del consumidor-es-ES_full,17830,16384,34214,0.012505
2026-01-05,09:44:55,entrevista_Paola_Suarez_diar_1,12192,11872,24064,0.008952
2026-01-05,09:45:30,entrevista_Paola_Suarez_full,18926,1700,20626,0.003859
2026-01-05,09:50:30,Ivan Canale - Executive MBA-es-ES_diar_1,14360,14033,28393,0.010574
2026-01-05,09:51:06,Ivan Canale - Executive MBA-es-ES_full,21087,1780,22867,0.004231
2026-01-05,09:54:47,Manuel Martínez- Máster en Neuromarketing y comportamiento del consumidor-es-ES_diar_1,11029,10812,21841,0.008142
2026-01-05,09:55:26,Manuel Martínez- Máster en Neuromarketing y comportamiento del consumidor-es-ES_full,17866,1802,19668,0.003761
2026-01-05,09:58:13,OBS Business School - Business Intelligence - Santiago Vargas-20251219_170017_diar_1,10122,9781,19903,0.007387
2026-01-05,09:58:48,OBS Business School - Business Intelligence - Santiago Vargas-20251219_170017_full,16835,1534,18369,0.003446
2026-01-05,10:00:19,OBS Business School - Máster en Business Intelligence - Esther Lopez-20251209_194055-es-ES_diar_1,5088,4746,9834,0.003611
2026-01-05,10:01:04,OBS Business School - Máster en Business Intelligence - Esther Lopez-20251209_194055-es-ES_full,11800,1841,13641,0.002875
2026-01-05,10:07:07,Vicente Spina Máster en Dirección de Recursos Humanos y Gestión del Talento-20251212_160110_diar_1,11631,11193,22824,0.008460
2026-01-05,10:07:46,Vicente Spina Máster en Dirección de Recursos Humanos y Gestión del Talento-20251212_160110_full,18243,1726,19969,0.003772
2026-01-05,10:38:10,entrevista_Paola_Suarez_diar_1,12192,11871,24063,0.008951
2026-01-05,10:38:34,entrevista_Paola_Suarez_full,18925,1353,20278,0.003651
2026-01-05,10:40:42,Ivan Canale - Executive MBA-es-ES_diar_1,14360,14018,28378,0.010565
2026-01-05,10:41:16,Ivan Canale - Executive MBA-es-ES_full,21072,1859,22931,0.004276
2026-01-05,10:45:02,Manuel Martínez- Máster en Neuromarketing y comportamiento del consumidor-es-ES_diar_1,11029,10693,21722,0.008070
2026-01-05,10:45:43,Manuel Martínez- Máster en Neuromarketing y comportamiento del consumidor-es-ES_full,17747,1744,19491,0.003708
2026-01-05,10:49:00,OBS Business School - Business Intelligence - Santiago Vargas-20251219_170017_diar_1,10122,9776,19898,0.007384
2026-01-05,10:49:41,OBS Business School - Business Intelligence - Santiago Vargas-20251219_170017_full,16830,1866,18696,0.003644
2026-01-05,10:51:23,OBS Business School - Máster en Business Intelligence - Esther Lopez-20251209_194055-es-ES_diar_1,5088,4746,9834,0.003611
2026-01-05,10:52:07,OBS Business School - Máster en Business Intelligence - Esther Lopez-20251209_194055-es-ES_full,11800,1912,13712,0.002917
2026-01-05,10:55:07,Vicente Spina Máster en Dirección de Recursos Humanos y Gestión del Talento-20251212_160110_diar_1,11631,11295,22926,0.008522
2026-01-05,10:55:45,Vicente Spina Máster en Dirección de Recursos Humanos y Gestión del Talento-20251212_160110_full,18347,1428,19775,0.003609
2026-01-13,18:30:45,entrevista_Paola_Suarez_diar_1,784,492,1276,0.000413
2026-01-13,18:30:56,entrevista_Paola_Suarez_diar_2,777,480,1257,0.000405
2026-01-13,18:31:10,entrevista_Paola_Suarez_diar_3,821,529,1350,0.000441
2026-01-13,18:31:23,entrevista_Paola_Suarez_diar_4,801,446,1247,0.000388
2026-01-13,18:31:35,entrevista_Paola_Suarez_diar_5,841,518,1359,0.000437
2026-01-13,18:31:46,entrevista_Paola_Suarez_diar_6,801,527,1328,0.000436
2026-01-13,18:31:56,entrevista_Paola_Suarez_diar_7,752,453,1205,0.000385
2026-01-13,18:32:09,entrevista_Paola_Suarez_diar_8,831,544,1375,0.000451
2026-01-13,18:32:20,entrevista_Paola_Suarez_diar_9,741,454,1195,0.000384
2026-01-13,18:32:31,entrevista_Paola_Suarez_diar_10,742,450,1192,0.000381
2026-01-13,18:32:44,entrevista_Paola_Suarez_diar_11,782,488,1270,0.000410
2026-01-13,18:32:55,entrevista_Paola_Suarez_diar_12,772,510,1282,0.000422
2026-01-13,18:33:07,entrevista_Paola_Suarez_diar_13,781,497,1278,0.000415
2026-01-13,18:33:17,entrevista_Paola_Suarez_diar_14,808,515,1323,0.000430
2026-01-13,18:33:28,entrevista_Paola_Suarez_diar_15,786,502,1288,0.000419
2026-01-13,18:33:41,entrevista_Paola_Suarez_diar_16,816,488,1304,0.000415
2026-01-13,18:33:53,entrevista_Paola_Suarez_diar_17,762,505,1267,0.000417
2026-01-13,18:34:04,entrevista_Paola_Suarez_diar_18,802,542,1344,0.000445
2026-01-13,18:34:17,entrevista_Paola_Suarez_diar_19,805,522,1327,0.000434
2026-01-13,18:34:30,entrevista_Paola_Suarez_diar_20,801,528,1329,0.000437
2026-01-13,18:34:44,entrevista_Paola_Suarez_diar_21,819,534,1353,0.000443
2026-01-13,18:34:58,entrevista_Paola_Suarez_diar_22,877,633,1510,0.000511
2026-01-13,18:35:12,entrevista_Paola_Suarez_diar_23,834,556,1390,0.000459
2026-01-13,18:35:24,entrevista_Paola_Suarez_diar_24,809,536,1345,0.000443
2026-01-13,18:35:26,entrevista_Paola_Suarez_diar_25,347,60,407,0.000088
2026-01-13,18:36:09,entrevista_Paola_Suarez_full,19051,1838,20889,0.003960
2026-01-13,18:36:19,Ivan Canale - Executive MBA-es-ES_diar_1,764,469,1233,0.000396
2026-01-13,18:36:28,Ivan Canale - Executive MBA-es-ES_diar_2,751,420,1171,0.000365
2026-01-13,18:36:38,Ivan Canale - Executive MBA-es-ES_diar_3,755,380,1135,0.000341
2026-01-13,18:36:48,Ivan Canale - Executive MBA-es-ES_diar_4,761,470,1231,0.000396
2026-01-13,18:37:00,Ivan Canale - Executive MBA-es-ES_diar_5,841,541,1382,0.000451
2026-01-13,18:37:09,Ivan Canale - Executive MBA-es-ES_diar_6,748,439,1187,0.000376
2026-01-13,18:37:19,Ivan Canale - Executive MBA-es-ES_diar_7,817,518,1335,0.000433
2026-01-13,18:37:28,Ivan Canale - Executive MBA-es-ES_diar_8,747,451,1198,0.000383
2026-01-13,18:37:40,Ivan Canale - Executive MBA-es-ES_diar_9,790,492,1282,0.000414
2026-01-13,18:37:53,Ivan Canale - Executive MBA-es-ES_diar_10,879,586,1465,0.000483
2026-01-13,18:38:03,Ivan Canale - Executive MBA-es-ES_diar_11,741,450,1191,0.000381
2026-01-13,18:38:13,Ivan Canale - Executive MBA-es-ES_diar_12,764,484,1248,0.000405
2026-01-13,18:38:25,Ivan Canale - Executive MBA-es-ES_diar_13,750,451,1201,0.000383
2026-01-13,18:38:36,Ivan Canale - Executive MBA-es-ES_diar_14,777,471,1248,0.000399
2026-01-13,18:38:45,Ivan Canale - Executive MBA-es-ES_diar_15,726,419,1145,0.000360
2026-01-13,18:38:55,Ivan Canale - Executive MBA-es-ES_diar_16,748,436,1184,0.000374
2026-01-13,18:39:06,Ivan Canale - Executive MBA-es-ES_diar_17,806,504,1310,0.000423
2026-01-13,18:39:18,Ivan Canale - Executive MBA-es-ES_diar_18,783,482,1265,0.000407
2026-01-13,18:39:30,Ivan Canale - Executive MBA-es-ES_diar_19,799,492,1291,0.000415
2026-01-13,18:39:40,Ivan Canale - Executive MBA-es-ES_diar_20,802,496,1298,0.000418
2026-01-13,18:39:50,Ivan Canale - Executive MBA-es-ES_diar_21,789,443,1232,0.000384
2026-01-13,18:40:05,Ivan Canale - Executive MBA-es-ES_diar_22,804,528,1332,0.000437
2026-01-13,18:40:18,Ivan Canale - Executive MBA-es-ES_diar_23,805,516,1321,0.000430
2026-01-13,18:40:30,Ivan Canale - Executive MBA-es-ES_diar_24,819,454,1273,0.000395
2026-01-13,18:40:43,Ivan Canale - Executive MBA-es-ES_diar_25,838,534,1372,0.000446
2026-01-13,18:40:56,Ivan Canale - Executive MBA-es-ES_diar_26,777,485,1262,0.000408
2026-01-13,18:41:04,Ivan Canale - Executive MBA-es-ES_diar_27,800,510,1310,0.000426
2026-01-13,18:41:15,Ivan Canale - Executive MBA-es-ES_diar_28,795,468,1263,0.000400
2026-01-13,18:41:26,Ivan Canale - Executive MBA-es-ES_diar_29,791,511,1302,0.000425
2026-01-13,18:41:32,Ivan Canale - Executive MBA-es-ES_diar_30,548,254,802,0.000235
2026-01-13,18:42:14,Ivan Canale - Executive MBA-es-ES_full,20898,1877,22775,0.004261
2026-01-13,18:42:22,Manuel Martínez- Máster en Neuromarketing y comportamiento del consumidor-es-ES_diar_1,774,462,1236,0.000393
2026-01-13,18:42:31,Manuel Martínez- Máster en Neuromarketing y comportamiento del consumidor-es-ES_diar_2,789,525,1314,0.000433
2026-01-13,18:42:40,Manuel Martínez- Máster en Neuromarketing y comportamiento del consumidor-es-ES_diar_3,849,546,1395,0.000455
2026-01-13,18:42:52,Manuel Martínez- Máster en Neuromarketing y comportamiento del consumidor-es-ES_diar_4,844,570,1414,0.000469
2026-01-13,18:43:01,Manuel Martínez- Máster en Neuromarketing y comportamiento del consumidor-es-ES_diar_5,787,487,1274,0.000410
2026-01-13,18:43:12,Manuel Martínez- Máster en Neuromarketing y comportamiento del consumidor-es-ES_diar_6,764,459,1223,0.000390
2026-01-13,18:43:23,Manuel Martínez- Máster en Neuromarketing y comportamiento del consumidor-es-ES_diar_7,754,449,1203,0.000382
2026-01-13,18:43:32,Manuel Martínez- Máster en Neuromarketing y comportamiento del consumidor-es-ES_diar_8,740,435,1175,0.000372
2026-01-13,18:43:41,Manuel Martínez- Máster en Neuromarketing y comportamiento del consumidor-es-ES_diar_9,730,418,1148,0.000360
2026-01-13,18:43:51,Manuel Martínez- Máster en Neuromarketing y comportamiento del consumidor-es-ES_diar_10,799,504,1303,0.000422
2026-01-13,18:44:00,Manuel Martínez- Máster en Neuromarketing y comportamiento del consumidor-es-ES_diar_11,802,496,1298,0.000418
2026-01-13,18:44:09,Manuel Martínez- Máster en Neuromarketing y comportamiento del consumidor-es-ES_diar_12,764,455,1219,0.000388
2026-01-13,18:44:18,Manuel Martínez- Máster en Neuromarketing y comportamiento del consumidor-es-ES_diar_13,760,459,1219,0.000389
2026-01-13,18:44:30,Manuel Martínez- Máster en Neuromarketing y comportamiento del consumidor-es-ES_diar_14,781,475,1256,0.000402
2026-01-13,18:44:40,Manuel Martínez- Máster en Neuromarketing y comportamiento del consumidor-es-ES_diar_15,750,443,1193,0.000378
2026-01-13,18:44:49,Manuel Martínez- Máster en Neuromarketing y comportamiento del consumidor-es-ES_diar_16,788,480,1268,0.000406
2026-01-13,18:44:57,Manuel Martínez- Máster en Neuromarketing y comportamiento del consumidor-es-ES_diar_17,764,456,1220,0.000388
2026-01-13,18:45:08,Manuel Martínez- Máster en Neuromarketing y comportamiento del consumidor-es-ES_diar_18,814,513,1327,0.000430
2026-01-13,18:45:20,Manuel Martínez- Máster en Neuromarketing y comportamiento del consumidor-es-ES_diar_19,775,478,1253,0.000403
2026-01-13,18:45:33,Manuel Martínez- Máster en Neuromarketing y comportamiento del consumidor-es-ES_diar_20,873,591,1464,0.000486
2026-01-13,18:45:45,Manuel Martínez- Máster en Neuromarketing y comportamiento del consumidor-es-ES_diar_21,847,542,1389,0.000452
2026-01-13,18:45:55,Manuel Martínez- Máster en Neuromarketing y comportamiento del consumidor-es-ES_diar_22,863,604,1467,0.000492
2026-01-13,18:46:02,Manuel Martínez- Máster en Neuromarketing y comportamiento del consumidor-es-ES_diar_23,600,338,938,0.000293
2026-01-13,18:46:37,Manuel Martínez- Máster en Neuromarketing y comportamiento del consumidor-es-ES_full,17984,1615,19599,0.003667
2026-01-13,18:46:51,OBS Business School - Business Intelligence - Santiago Vargas-20251219_170017_diar_1,865,572,1437,0.000473
2026-01-13,18:47:02,OBS Business School - Business Intelligence - Santiago Vargas-20251219_170017_diar_2,820,480,1300,0.000411
2026-01-13,18:47:07,OBS Business School - Business Intelligence - Santiago Vargas-20251219_170017_diar_3,827,298,1125,0.000303
2026-01-13,18:47:17,OBS Business School - Business Intelligence - Santiago Vargas-20251219_170017_diar_4,868,555,1423,0.000463
2026-01-13,18:47:26,OBS Business School - Business Intelligence - Santiago Vargas-20251219_170017_diar_5,814,507,1321,0.000426
2026-01-13,18:47:38,OBS Business School - Business Intelligence - Santiago Vargas-20251219_170017_diar_6,810,508,1318,0.000426
2026-01-13,18:47:49,OBS Business School - Business Intelligence - Santiago Vargas-20251219_170017_diar_7,803,489,1292,0.000414
2026-01-13,18:47:59,OBS Business School - Business Intelligence - Santiago Vargas-20251219_170017_diar_8,822,476,1298,0.000409
2026-01-13,18:48:12,OBS Business School - Business Intelligence - Santiago Vargas-20251219_170017_diar_9,818,515,1333,0.000432
2026-01-13,18:48:22,OBS Business School - Business Intelligence - Santiago Vargas-20251219_170017_diar_10,821,517,1338,0.000433
2026-01-13,18:48:31,OBS Business School - Business Intelligence - Santiago Vargas-20251219_170017_diar_11,875,523,1398,0.000445
2026-01-13,18:48:40,OBS Business School - Business Intelligence - Santiago Vargas-20251219_170017_diar_12,802,474,1276,0.000405
2026-01-13,18:48:51,OBS Business School - Business Intelligence - Santiago Vargas-20251219_170017_diar_13,780,418,1198,0.000368
2026-01-13,18:48:59,OBS Business School - Business Intelligence - Santiago Vargas-20251219_170017_diar_14,782,463,1245,0.000395
2026-01-13,18:49:07,OBS Business School - Business Intelligence - Santiago Vargas-20251219_170017_diar_15,803,442,1245,0.000386
2026-01-13,18:49:17,OBS Business School - Business Intelligence - Santiago Vargas-20251219_170017_diar_16,841,540,1381,0.000450
2026-01-13,18:49:28,OBS Business School - Business Intelligence - Santiago Vargas-20251219_170017_diar_17,877,566,1443,0.000471
2026-01-13,18:49:37,OBS Business School - Business Intelligence - Santiago Vargas-20251219_170017_diar_18,840,505,1345,0.000429
2026-01-13,18:49:47,OBS Business School - Business Intelligence - Santiago Vargas-20251219_170017_diar_19,842,472,1314,0.000410
2026-01-13,18:49:49,OBS Business School - Business Intelligence - Santiago Vargas-20251219_170017_diar_20,394,100,494,0.000119
2026-01-13,18:50:29,OBS Business School - Business Intelligence - Santiago Vargas-20251219_170017_full,16255,1740,17995,0.003482
2026-01-13,18:50:39,OBS Business School - Máster en Business Intelligence - Esther Lopez-20251209_194055-es-ES_diar_1,786,491,1277,0.000412
2026-01-13,18:50:51,OBS Business School - Máster en Business Intelligence - Esther Lopez-20251209_194055-es-ES_diar_2,813,522,1335,0.000435
2026-01-13,18:51:00,OBS Business School - Máster en Business Intelligence - Esther Lopez-20251209_194055-es-ES_diar_3,759,454,1213,0.000386
2026-01-13,18:51:10,OBS Business School - Máster en Business Intelligence - Esther Lopez-20251209_194055-es-ES_diar_4,790,503,1293,0.000420
2026-01-13,18:51:19,OBS Business School - Máster en Business Intelligence - Esther Lopez-20251209_194055-es-ES_diar_5,765,455,1220,0.000388
2026-01-13,18:51:29,OBS Business School - Máster en Business Intelligence - Esther Lopez-20251209_194055-es-ES_diar_6,793,521,1314,0.000432
2026-01-13,18:51:38,OBS Business School - Máster en Business Intelligence - Esther Lopez-20251209_194055-es-ES_diar_7,793,468,1261,0.000400
2026-01-13,18:51:49,OBS Business School - Máster en Business Intelligence - Esther Lopez-20251209_194055-es-ES_diar_8,830,546,1376,0.000452
2026-01-13,18:52:02,OBS Business School - Máster en Business Intelligence - Esther Lopez-20251209_194055-es-ES_diar_9,830,556,1386,0.000458
2026-01-13,18:52:13,OBS Business School - Máster en Business Intelligence - Esther Lopez-20251209_194055-es-ES_diar_10,789,497,1286,0.000417
2026-01-13,18:52:14,OBS Business School - Máster en Business Intelligence - Esther Lopez-20251209_194055-es-ES_diar_11,350,50,400,0.000082
2026-01-13,18:52:51,OBS Business School - Máster en Business Intelligence - Esther Lopez-20251209_194055-es-ES_full,11963,1859,13822,0.002910
2026-01-13,18:53:00,Vicente Spina Máster en Dirección de Recursos Humanos y Gestión del Talento-20251212_160110_diar_1,790,484,1274,0.000409
2026-01-13,18:53:09,Vicente Spina Máster en Dirección de Recursos Humanos y Gestión del Talento-20251212_160110_diar_2,788,464,1252,0.000397
2026-01-13,18:53:19,Vicente Spina Máster en Dirección de Recursos Humanos y Gestión del Talento-20251212_160110_diar_3,797,440,1237,0.000384
2026-01-13,18:53:29,Vicente Spina Máster en Dirección de Recursos Humanos y Gestión del Talento-20251212_160110_diar_4,792,495,1287,0.000416
2026-01-13,18:53:38,Vicente Spina Máster en Dirección de Recursos Humanos y Gestión del Talento-20251212_160110_diar_5,815,490,1305,0.000416
2026-01-13,18:53:50,Vicente Spina Máster en Dirección de Recursos Humanos y Gestión del Talento-20251212_160110_diar_6,866,581,1447,0.000478
2026-01-13,18:54:01,Vicente Spina Máster en Dirección de Recursos Humanos y Gestión del Talento-20251212_160110_diar_7,850,548,1398,0.000456
2026-01-13,18:54:15,Vicente Spina Máster en Dirección de Recursos Humanos y Gestión del Talento-20251212_160110_diar_8,799,481,1280,0.000408
2026-01-13,18:54:25,Vicente Spina Máster en Dirección de Recursos Humanos y Gestión del Talento-20251212_160110_diar_9,805,505,1310,0.000424
2026-01-13,18:54:35,Vicente Spina Máster en Dirección de Recursos Humanos y Gestión del Talento-20251212_160110_diar_10,783,472,1255,0.000401
2026-01-13,18:54:45,Vicente Spina Máster en Dirección de Recursos Humanos y Gestión del Talento-20251212_160110_diar_11,806,507,1313,0.000425
2026-01-13,18:54:55,Vicente Spina Máster en Dirección de Recursos Humanos y Gestión del Talento-20251212_160110_diar_12,806,482,1288,0.000410
2026-01-13,18:55:06,Vicente Spina Máster en Dirección de Recursos Humanos y Gestión del Talento-20251212_160110_diar_13,810,508,1318,0.000426
2026-01-13,18:55:17,Vicente Spina Máster en Dirección de Recursos Humanos y Gestión del Talento-20251212_160110_diar_14,783,483,1266,0.000407
2026-01-13,18:55:29,Vicente Spina Máster en Dirección de Recursos Humanos y Gestión del Talento-20251212_160110_diar_15,831,593,1424,0.000480
2026-01-13,18:55:41,Vicente Spina Máster en Dirección de Recursos Humanos y Gestión del Talento-20251212_160110_diar_16,823,484,1307,0.000414
2026-01-13,18:55:51,Vicente Spina Máster en Dirección de Recursos Humanos y Gestión del Talento-20251212_160110_diar_17,775,464,1239,0.000395
2026-01-13,18:56:01,Vicente Spina Máster en Dirección de Recursos Humanos y Gestión del Talento-20251212_160110_diar_18,779,467,1246,0.000397
2026-01-13,18:56:11,Vicente Spina Máster en Dirección de Recursos Humanos y Gestión del Talento-20251212_160110_diar_19,787,478,1265,0.000405
2026-01-13,18:56:19,Vicente Spina Máster en Dirección de Recursos Humanos y Gestión del Talento-20251212_160110_diar_20,806,485,1291,0.000412
2026-01-13,18:56:30,Vicente Spina Máster en Dirección de Recursos Humanos y Gestión del Talento-20251212_160110_diar_21,855,551,1406,0.000459
2026-01-13,18:56:39,Vicente Spina Máster en Dirección de Recursos Humanos y Gestión del Talento-20251212_160110_diar_22,869,492,1361,0.000426
2026-01-13,18:56:49,Vicente Spina Máster en Dirección de Recursos Humanos y Gestión del Talento-20251212_160110_diar_23,804,484,1288,0.000411
2026-01-13,18:56:52,Vicente Spina Máster en Dirección de Recursos Humanos y Gestión del Talento-20251212_160110_diar_24,408,112,520,0.000128
2026-01-13,18:57:24,Vicente Spina Máster en Dirección de Recursos Humanos y Gestión del Talento-20251212_160110_full,18342,1672,20014,0.003755
2026-01-15,10:30:59,entrevista_Paola_Suarez_diar_1,784,492,1276,0.000413
2026-01-15,10:31:10,entrevista_Paola_Suarez_diar_2,777,478,1255,0.000403
2026-01-15,10:31:20,entrevista_Paola_Suarez_diar_3,821,529,1350,0.000441
2026-01-15,10:31:29,entrevista_Paola_Suarez_diar_4,801,532,1333,0.000439
2026-01-15,10:31:38,entrevista_Paola_Suarez_diar_5,841,519,1360,0.000438
2026-01-15,10:33:14,entrevista_Paola_Suarez_diar_1,784,492,1276,0.000413
2026-01-15,10:33:25,entrevista_Paola_Suarez_diar_2,777,480,1257,0.000405
2026-01-15,10:33:35,entrevista_Paola_Suarez_diar_3,821,547,1368,0.000451
2026-01-15,10:33:43,entrevista_Paola_Suarez_diar_4,801,517,1318,0.000430
2026-01-15,10:33:52,entrevista_Paola_Suarez_diar_5,841,523,1364,0.000440
2026-01-15,10:34:00,entrevista_Paola_Suarez_diar_6,801,530,1331,0.000438
2026-01-15,10:34:10,entrevista_Paola_Suarez_diar_7,752,453,1205,0.000385
2026-01-15,10:34:20,entrevista_Paola_Suarez_diar_8,831,545,1376,0.000452
2026-01-15,10:34:27,entrevista_Paola_Suarez_diar_9,741,453,1194,0.000383
2026-01-15,10:34:35,entrevista_Paola_Suarez_diar_10,742,450,1192,0.000381
2026-01-15,10:34:43,entrevista_Paola_Suarez_diar_11,782,488,1270,0.000410
2026-01-15,10:34:51,entrevista_Paola_Suarez_diar_12,772,505,1277,0.000419
2026-01-15,10:35:01,entrevista_Paola_Suarez_diar_13,781,497,1278,0.000415
2026-01-15,10:35:10,entrevista_Paola_Suarez_diar_14,808,510,1318,0.000427
2026-01-15,10:35:18,entrevista_Paola_Suarez_diar_15,786,502,1288,0.000419
2026-01-15,12:29:14,entrevista_Paola_Suarez_diar_1,784,492,1276,0.000413
2026-01-15,12:29:31,entrevista_Paola_Suarez_diar_2,777,480,1257,0.000405
2026-01-15,12:33:02,Denis Maldonado - OBS Business School - Executive MBA_diar_1,794,354,1148,0.000331
2026-01-15,12:33:14,Denis Maldonado - OBS Business School - Executive MBA_diar_2,862,503,1365,0.000431
2026-01-15,12:33:25,Denis Maldonado - OBS Business School - Executive MBA_diar_3,852,504,1356,0.000430
2026-01-15,12:33:34,Denis Maldonado - OBS Business School - Executive MBA_diar_4,841,476,1317,0.000412
2026-01-15,12:33:43,Denis Maldonado - OBS Business School - Executive MBA_diar_5,863,516,1379,0.000439
2026-01-15,12:33:53,Denis Maldonado - OBS Business School - Executive MBA_diar_6,888,506,1394,0.000437
2026-01-15,12:34:03,Denis Maldonado - OBS Business School - Executive MBA_diar_7,824,490,1314,0.000418
2026-01-15,12:34:10,Denis Maldonado - OBS Business School - Executive MBA_diar_8,781,454,1235,0.000390
2026-01-15,12:34:20,Denis Maldonado - OBS Business School - Executive MBA_diar_9,828,376,1204,0.000350
2026-01-15,12:34:29,Denis Maldonado - OBS Business School - Executive MBA_diar_10,861,515,1376,0.000438
2026-01-15,12:34:38,Denis Maldonado - OBS Business School - Executive MBA_diar_11,869,481,1350,0.000419
2026-01-15,12:34:46,Denis Maldonado - OBS Business School - Executive MBA_diar_12,809,432,1241,0.000381
2026-01-15,12:34:56,Denis Maldonado - OBS Business School - Executive MBA_diar_13,811,483,1294,0.000411
2026-01-15,12:35:02,Denis Maldonado - OBS Business School - Executive MBA_diar_14,809,353,1162,0.000333
2026-01-15,12:35:09,Denis Maldonado - OBS Business School - Executive MBA_diar_15,750,388,1138,0.000345
2026-01-15,12:35:18,Denis Maldonado - OBS Business School - Executive MBA_diar_16,860,515,1375,0.000438
2026-01-15,12:35:24,Denis Maldonado - OBS Business School - Executive MBA_diar_17,800,384,1184,0.000350
2026-01-15,12:35:32,Denis Maldonado - OBS Business School - Executive MBA_diar_18,859,421,1280,0.000381
2026-01-15,12:35:41,Denis Maldonado - OBS Business School - Executive MBA_diar_19,845,489,1334,0.000420
2026-01-15,12:35:49,Denis Maldonado - OBS Business School - Executive MBA_diar_20,867,470,1337,0.000412
2026-01-15,12:35:57,Denis Maldonado - OBS Business School - Executive MBA_diar_21,896,462,1358,0.000412
2026-01-15,12:36:06,Denis Maldonado - OBS Business School - Executive MBA_diar_22,882,505,1387,0.000435
2026-01-15,12:36:15,Denis Maldonado - OBS Business School - Executive MBA_diar_23,859,476,1335,0.000414
2026-01-15,12:36:18,Denis Maldonado - OBS Business School - Executive MBA_diar_24,496,167,663,0.000175
2026-01-15,12:37:01,Denis Maldonado - OBS Business School - Executive MBA_full,17180,1896,19076,0.003715
2026-01-15,13:00:40,Alejandro Paz - OBS Business School - Executive MBA_diar_1,787,472,1259,0.000401
2026-01-15,13:00:55,Alejandro Paz - OBS Business School - Executive MBA_diar_2,876,554,1430,0.000464
2026-01-15,13:01:07,Alejandro Paz - OBS Business School - Executive MBA_diar_3,825,505,1330,0.000427
2026-01-15,13:01:18,Alejandro Paz - OBS Business School - Executive MBA_diar_4,821,499,1320,0.000423
2026-01-15,13:01:29,Alejandro Paz - OBS Business School - Executive MBA_diar_5,805,483,1288,0.000411
2026-01-15,13:01:39,Alejandro Paz - OBS Business School - Executive MBA_diar_6,772,472,1244,0.000399
2026-01-15,13:01:52,Alejandro Paz - OBS Business School - Executive MBA_diar_7,859,533,1392,0.000449
2026-01-15,13:02:01,Alejandro Paz - OBS Business School - Executive MBA_diar_8,774,453,1227,0.000388
2026-01-15,13:02:14,Alejandro Paz - OBS Business School - Executive MBA_diar_9,810,479,1289,0.000409
2026-01-15,13:02:23,Alejandro Paz - OBS Business School - Executive MBA_diar_10,797,467,1264,0.000400
2026-01-15,13:02:34,Alejandro Paz - OBS Business School - Executive MBA_diar_11,840,525,1365,0.000441
2026-01-15,13:02:45,Alejandro Paz - OBS Business School - Executive MBA_diar_12,958,633,1591,0.000523
2026-01-15,13:02:57,Alejandro Paz - OBS Business School - Executive MBA_diar_13,871,542,1413,0.000456
2026-01-15,13:03:12,Alejandro Paz - OBS Business School - Executive MBA_diar_14,1000,675,1675,0.000555
2026-01-15,13:03:28,Alejandro Paz - OBS Business School - Executive MBA_diar_15,825,507,1332,0.000428
2026-01-15,13:03:38,Alejandro Paz - OBS Business School - Executive MBA_diar_16,834,515,1349,0.000434
2026-01-15,13:03:49,Alejandro Paz - OBS Business School - Executive MBA_diar_17,852,486,1338,0.000419
2026-01-15,13:04:02,Alejandro Paz - OBS Business School - Executive MBA_diar_18,839,506,1345,0.000429
2026-01-15,13:04:14,Alejandro Paz - OBS Business School - Executive MBA_diar_19,830,485,1315,0.000415
2026-01-15,13:04:28,Alejandro Paz - OBS Business School - Executive MBA_diar_20,870,541,1411,0.000455
2026-01-15,13:04:40,Alejandro Paz - OBS Business School - Executive MBA_diar_21,793,452,1245,0.000390
2026-01-15,13:04:48,Alejandro Paz - OBS Business School - Executive MBA_diar_22,577,245,822,0.000234
2026-01-15,13:05:36,Alejandro Paz - OBS Business School - Executive MBA_full,17507,1735,19242,0.003667
2026-01-15,13:44:09,Alejandro Paz - OBS Business School - Executive MBA_diar_1,787,472,1259,0.000401
2026-01-15,13:44:19,Alejandro Paz - OBS Business School - Executive MBA_diar_2,876,554,1430,0.000464
2026-01-15,13:44:28,Alejandro Paz - OBS Business School - Executive MBA_diar_3,825,504,1329,0.000426
2026-01-15,13:44:38,Alejandro Paz - OBS Business School - Executive MBA_diar_4,821,499,1320,0.000423
2026-01-15,13:44:47,Alejandro Paz - OBS Business School - Executive MBA_diar_5,805,483,1288,0.000411
2026-01-15,13:44:55,Alejandro Paz - OBS Business School - Executive MBA_diar_6,772,451,1223,0.000386
2026-01-15,13:45:04,Alejandro Paz - OBS Business School - Executive MBA_diar_7,859,520,1379,0.000441
2026-01-15,13:45:13,Alejandro Paz - OBS Business School - Executive MBA_diar_8,774,453,1227,0.000388
2026-01-15,13:45:22,Alejandro Paz - OBS Business School - Executive MBA_diar_9,810,443,1253,0.000387
2026-01-15,13:45:31,Alejandro Paz - OBS Business School - Executive MBA_diar_10,797,467,1264,0.000400
2026-01-15,13:45:44,Alejandro Paz - OBS Business School - Executive MBA_diar_11,840,525,1365,0.000441
2026-01-15,13:45:55,Alejandro Paz - OBS Business School - Executive MBA_diar_12,958,634,1592,0.000524
2026-01-15,13:46:03,Alejandro Paz - OBS Business School - Executive MBA_diar_13,871,542,1413,0.000456
2026-01-15,13:46:17,Alejandro Paz - OBS Business School - Executive MBA_diar_14,1000,675,1675,0.000555
2026-01-15,13:46:27,Alejandro Paz - OBS Business School - Executive MBA_diar_15,825,508,1333,0.000429
2026-01-15,13:46:38,Alejandro Paz - OBS Business School - Executive MBA_diar_16,834,515,1349,0.000434
2026-01-15,13:46:47,Alejandro Paz - OBS Business School - Executive MBA_diar_17,852,484,1336,0.000418
2026-01-15,13:46:56,Alejandro Paz - OBS Business School - Executive MBA_diar_18,839,506,1345,0.000429
2026-01-15,13:47:05,Alejandro Paz - OBS Business School - Executive MBA_diar_19,830,485,1315,0.000415
2026-01-15,13:47:15,Alejandro Paz - OBS Business School - Executive MBA_diar_20,870,541,1411,0.000455
2026-01-15,13:47:22,Alejandro Paz - OBS Business School - Executive MBA_diar_21,793,452,1245,0.000390
2026-01-15,13:47:26,Alejandro Paz - OBS Business School - Executive MBA_diar_22,577,245,822,0.000234
2026-01-15,13:48:02,Alejandro Paz - OBS Business School - Executive MBA_full,17442,1822,19264,0.003709
2026-01-15,13:48:11,Interview - Cindy Navarro_diar_1,805,472,1277,0.000404
2026-01-15,13:48:18,Interview - Cindy Navarro_diar_2,763,441,1204,0.000379
2026-01-15,13:48:26,Interview - Cindy Navarro_diar_3,784,419,1203,0.000369
2026-01-15,13:48:38,Interview - Cindy Navarro_diar_4,755,451,1206,0.000384
2026-01-15,13:48:47,Interview - Cindy Navarro_diar_5,787,463,1250,0.000396
2026-01-15,13:48:59,Interview - Cindy Navarro_diar_6,961,608,1569,0.000509
2026-01-15,13:49:13,Interview - Cindy Navarro_diar_7,1130,792,1922,0.000645
2026-01-15,13:49:22,Interview - Cindy Navarro_diar_8,770,452,1222,0.000387
2026-01-15,13:49:33,Interview - Cindy Navarro_diar_9,888,549,1437,0.000463
2026-01-15,13:49:37,Interview - Cindy Navarro_diar_10,574,241,815,0.000231
2026-01-15,13:50:03,Interview - Cindy Navarro_full,11598,1360,12958,0.002556
2026-01-15,13:50:13,Interview - Cristian Radu _diar_1,809,462,1271,0.000399
2026-01-15,13:50:22,Interview - Cristian Radu _diar_2,837,498,1335,0.000424
2026-01-15,13:50:33,Interview - Cristian Radu _diar_3,845,462,1307,0.000404
2026-01-15,13:50:43,Interview - Cristian Radu _diar_4,845,452,1297,0.000398
2026-01-15,13:50:51,Interview - Cristian Radu _diar_5,824,404,1228,0.000366
2026-01-15,13:51:00,Interview - Cristian Radu _diar_6,839,476,1315,0.000411
2026-01-15,13:51:10,Interview - Cristian Radu _diar_7,876,484,1360,0.000422
2026-01-15,13:51:20,Interview - Cristian Radu _diar_8,838,466,1304,0.000405
2026-01-15,13:51:27,Interview - Cristian Radu _diar_9,856,380,1236,0.000356
2026-01-15,13:51:36,Interview - Cristian Radu _diar_10,896,531,1427,0.000453
2026-01-15,13:51:47,Interview - Cristian Radu _diar_11,838,484,1322,0.000416
2026-01-15,13:51:56,Interview - Cristian Radu _diar_12,867,496,1363,0.000428
2026-01-15,13:52:05,Interview - Cristian Radu _diar_13,835,471,1306,0.000408
2026-01-15,13:52:15,Interview - Cristian Radu _diar_14,858,495,1353,0.000426
2026-01-15,13:52:23,Interview - Cristian Radu _diar_15,862,507,1369,0.000433
2026-01-15,13:52:31,Interview - Cristian Radu _diar_16,832,490,1322,0.000419
2026-01-15,13:52:36,Interview - Cristian Radu _diar_17,498,162,660,0.000172
2026-01-15,13:53:08,Interview - Cristian Radu _full,14163,1791,15954,0.003199
2026-01-15,13:53:17,Javier Vaquerizo Máster de Formación Permanente en Business Intelligence y Analytics  - Abril 2026_diar_1,830,488,1318,0.000417
2026-01-15,13:53:26,Javier Vaquerizo Máster de Formación Permanente en Business Intelligence y Analytics  - Abril 2026_diar_2,884,532,1416,0.000452
2026-01-15,13:53:36,Javier Vaquerizo Máster de Formación Permanente en Business Intelligence y Analytics  - Abril 2026_diar_3,848,499,1347,0.000427
2026-01-15,13:53:47,Javier Vaquerizo Máster de Formación Permanente en Business Intelligence y Analytics  - Abril 2026_diar_4,902,570,1472,0.000477
2026-01-15,13:53:56,Javier Vaquerizo Máster de Formación Permanente en Business Intelligence y Analytics  - Abril 2026_diar_5,835,502,1337,0.000426
2026-01-15,13:54:07,Javier Vaquerizo Máster de Formación Permanente en Business Intelligence y Analytics  - Abril 2026_diar_6,823,487,1310,0.000416
2026-01-15,13:54:17,Javier Vaquerizo Máster de Formación Permanente en Business Intelligence y Analytics  - Abril 2026_diar_7,852,518,1370,0.000439
2026-01-15,13:54:26,Javier Vaquerizo Máster de Formación Permanente en Business Intelligence y Analytics  - Abril 2026_diar_8,862,514,1376,0.000438
2026-01-15,13:54:36,Javier Vaquerizo Máster de Formación Permanente en Business Intelligence y Analytics  - Abril 2026_diar_9,900,563,1463,0.000473
2026-01-15,13:54:45,Javier Vaquerizo Máster de Formación Permanente en Business Intelligence y Analytics  - Abril 2026_diar_10,854,521,1375,0.000441
2026-01-15,13:55:00,Javier Vaquerizo Máster de Formación Permanente en Business Intelligence y Analytics  - Abril 2026_diar_11,1038,696,1734,0.000573
2026-01-15,13:55:10,Javier Vaquerizo Máster de Formación Permanente en Business Intelligence y Analytics  - Abril 2026_diar_12,861,532,1393,0.000448
2026-01-15,13:55:20,Javier Vaquerizo Máster de Formación Permanente en Business Intelligence y Analytics  - Abril 2026_diar_13,972,605,1577,0.000509
2026-01-15,13:55:30,Javier Vaquerizo Máster de Formación Permanente en Business Intelligence y Analytics  - Abril 2026_diar_14,939,592,1531,0.000496
2026-01-15,13:55:40,Javier Vaquerizo Máster de Formación Permanente en Business Intelligence y Analytics  - Abril 2026_diar_15,778,442,1220,0.000382
2026-01-15,13:55:48,Javier Vaquerizo Máster de Formación Permanente en Business Intelligence y Analytics  - Abril 2026_diar_16,823,477,1300,0.000410
2026-01-15,13:55:59,Javier Vaquerizo Máster de Formación Permanente en Business Intelligence y Analytics  - Abril 2026_diar_17,854,500,1354,0.000428
2026-01-15,13:56:10,Javier Vaquerizo Máster de Formación Permanente en Business Intelligence y Analytics  - Abril 2026_diar_18,901,547,1448,0.000463
2026-01-15,13:56:19,Javier Vaquerizo Máster de Formación Permanente en Business Intelligence y Analytics  - Abril 2026_diar_19,867,526,1393,0.000446
2026-01-15,13:56:29,Javier Vaquerizo Máster de Formación Permanente en Business Intelligence y Analytics  - Abril 2026_diar_20,882,536,1418,0.000454
2026-01-15,13:56:37,Javier Vaquerizo Máster de Formación Permanente en Business Intelligence y Analytics  - Abril 2026_diar_21,922,479,1401,0.000426
2026-01-15,13:56:48,Javier Vaquerizo Máster de Formación Permanente en Business Intelligence y Analytics  - Abril 2026_diar_22,835,493,1328,0.000421
2026-01-15,13:57:00,Javier Vaquerizo Máster de Formación Permanente en Business Intelligence y Analytics  - Abril 2026_diar_23,893,549,1442,0.000463
2026-01-15,13:57:09,Javier Vaquerizo Máster de Formación Permanente en Business Intelligence y Analytics  - Abril 2026_diar_24,888,545,1433,0.000460
2026-01-15,13:57:23,Javier Vaquerizo Máster de Formación Permanente en Business Intelligence y Analytics  - Abril 2026_diar_25,955,598,1553,0.000502
2026-01-15,13:57:34,Javier Vaquerizo Máster de Formación Permanente en Business Intelligence y Analytics  - Abril 2026_diar_26,923,582,1505,0.000488
2026-01-15,13:57:45,Javier Vaquerizo Máster de Formación Permanente en Business Intelligence y Analytics  - Abril 2026_diar_27,866,521,1387,0.000442
2026-01-15,13:57:59,Javier Vaquerizo Máster de Formación Permanente en Business Intelligence y Analytics  - Abril 2026_diar_28,878,522,1400,0.000445
2026-01-15,13:58:04,Javier Vaquerizo Máster de Formación Permanente en Business Intelligence y Analytics  - Abril 2026_diar_29,585,231,816,0.000226
2026-01-15,13:58:45,Javier Vaquerizo Máster de Formación Permanente en Business Intelligence y Analytics  - Abril 2026_full,21513,1957,23470,0.004401
2026-01-15,13:58:56,OBS BUSINESS SCHOOL - VIDEOCONFERENCIA -Paula García _diar_1,831,502,1333,0.000426
2026-01-15,13:59:05,OBS BUSINESS SCHOOL - VIDEOCONFERENCIA -Paula García _diar_2,814,487,1301,0.000414
2026-01-15,13:59:14,OBS BUSINESS SCHOOL - VIDEOCONFERENCIA -Paula García _diar_3,896,564,1460,0.000473
2026-01-15,13:59:22,OBS BUSINESS SCHOOL - VIDEOCONFERENCIA -Paula García _diar_4,817,443,1260,0.000388
2026-01-15,13:59:33,OBS BUSINESS SCHOOL - VIDEOCONFERENCIA -Paula García _diar_5,818,496,1314,0.000420
2026-01-15,13:59:46,OBS BUSINESS SCHOOL - VIDEOCONFERENCIA -Paula García _diar_6,898,541,1439,0.000459
2026-01-15,13:59:56,OBS BUSINESS SCHOOL - VIDEOCONFERENCIA -Paula García _diar_7,849,509,1358,0.000433
2026-01-15,14:00:08,OBS BUSINESS SCHOOL - VIDEOCONFERENCIA -Paula García _diar_8,811,466,1277,0.000401
2026-01-15,14:00:22,OBS BUSINESS SCHOOL - VIDEOCONFERENCIA -Paula García _diar_9,857,528,1385,0.000445
2026-01-15,14:00:38,OBS BUSINESS SCHOOL - VIDEOCONFERENCIA -Paula García _diar_10,875,542,1417,0.000456
2026-01-15,14:00:55,OBS BUSINESS SCHOOL - VIDEOCONFERENCIA -Paula García _diar_11,848,507,1355,0.000431
2026-01-15,14:01:10,OBS BUSINESS SCHOOL - VIDEOCONFERENCIA -Paula García _diar_12,882,582,1464,0.000481
2026-01-15,14:01:21,OBS BUSINESS SCHOOL - VIDEOCONFERENCIA -Paula García _diar_13,820,481,1301,0.000412
2026-01-15,14:01:40,OBS BUSINESS SCHOOL - VIDEOCONFERENCIA -Paula García _diar_14,940,663,1603,0.000539
2026-01-15,14:01:50,OBS BUSINESS SCHOOL - VIDEOCONFERENCIA -Paula García _diar_15,667,322,989,0.000293
2026-01-15,14:02:34,OBS BUSINESS SCHOOL - VIDEOCONFERENCIA -Paula García _full,14210,1465,15675,0.003010
2026-01-15,14:07:10,Interview - Cindy Navarro_diar_1,916,611,1527,0.000504
2026-01-15,14:07:25,Interview - Cindy Navarro_diar_2,801,494,1295,0.000417
2026-01-15,14:07:36,Interview - Cindy Navarro_diar_3,820,503,1323,0.000425
2026-01-15,14:07:48,Interview - Cindy Navarro_diar_4,789,488,1277,0.000411
2026-01-15,14:08:02,Interview - Cindy Navarro_diar_5,833,519,1352,0.000436
2026-01-15,14:08:14,Interview - Cindy Navarro_diar_6,840,535,1375,0.000447
2026-01-15,14:08:30,Interview - Cindy Navarro_diar_7,897,583,1480,0.000484
2026-01-15,14:08:48,Interview - Cindy Navarro_diar_8,941,620,1561,0.000513
2026-01-15,14:09:09,Interview - Cindy Navarro_diar_9,1047,745,1792,0.000604
2026-01-15,14:09:18,Interview - Cindy Navarro_diar_10,702,371,1073,0.000328
2026-01-15,14:09:57,Interview - Cindy Navarro_full,11773,1732,13505,0.002805
2026-01-15,14:10:08,OBS Business School - Andrea Aicinburu - Dirección Financiera_diar_1,800,458,1258,0.000395
2026-01-15,14:10:21,OBS Business School - Andrea Aicinburu - Dirección Financiera_diar_2,841,504,1345,0.000429
2026-01-15,14:10:33,OBS Business School - Andrea Aicinburu - Dirección Financiera_diar_3,885,536,1421,0.000454
2026-01-15,14:10:50,OBS Business School - Andrea Aicinburu - Dirección Financiera_diar_4,900,553,1453,0.000467
2026-01-15,14:11:01,OBS Business School - Andrea Aicinburu - Dirección Financiera_diar_5,799,457,1256,0.000394
2026-01-15,14:11:12,OBS Business School - Andrea Aicinburu - Dirección Financiera_diar_6,848,485,1333,0.000418
2026-01-15,14:11:24,OBS Business School - Andrea Aicinburu - Dirección Financiera_diar_7,970,583,1553,0.000495
2026-01-15,14:11:35,OBS Business School - Andrea Aicinburu - Dirección Financiera_diar_8,844,504,1348,0.000429
2026-01-15,14:11:45,OBS Business School - Andrea Aicinburu - Dirección Financiera_diar_9,823,470,1293,0.000405
2026-01-15,14:11:57,OBS Business School - Andrea Aicinburu - Dirección Financiera_diar_10,889,543,1432,0.000459
2026-01-15,14:12:09,OBS Business School - Andrea Aicinburu - Dirección Financiera_diar_11,885,531,1416,0.000451
2026-01-15,14:12:19,OBS Business School - Andrea Aicinburu - Dirección Financiera_diar_12,802,448,1250,0.000389
2026-01-15,14:12:31,OBS Business School - Andrea Aicinburu - Dirección Financiera_diar_13,836,489,1325,0.000419
2026-01-15,14:12:39,OBS Business School - Andrea Aicinburu - Dirección Financiera_diar_14,771,409,1180,0.000361
2026-01-15,14:13:07,OBS Business School - Andrea Aicinburu - Dirección Financiera_full,13161,1356,14517,0.002788
2026-01-15,14:13:18,OBS BUSINESS SCHOOL - VIDEOCONFERENCIA - Paula Garcia_diar_1,829,513,1342,0.000432
2026-01-15,14:13:28,OBS BUSINESS SCHOOL - VIDEOCONFERENCIA - Paula Garcia_diar_2,868,548,1416,0.000459
2026-01-15,14:13:37,OBS BUSINESS SCHOOL - VIDEOCONFERENCIA - Paula Garcia_diar_3,818,485,1303,0.000414
2026-01-15,14:13:48,OBS BUSINESS SCHOOL - VIDEOCONFERENCIA - Paula Garcia_diar_4,875,553,1428,0.000463
2026-01-15,14:14:06,OBS BUSINESS SCHOOL - VIDEOCONFERENCIA - Paula Garcia_diar_5,958,643,1601,0.000530
2026-01-15,14:14:17,OBS BUSINESS SCHOOL - VIDEOCONFERENCIA - Paula Garcia_diar_6,857,492,1349,0.000424
2026-01-15,14:14:27,OBS BUSINESS SCHOOL - VIDEOCONFERENCIA - Paula Garcia_diar_7,840,527,1367,0.000442
2026-01-15,14:14:39,OBS BUSINESS SCHOOL - VIDEOCONFERENCIA - Paula Garcia_diar_8,875,570,1445,0.000473
2026-01-15,14:14:50,OBS BUSINESS SCHOOL - VIDEOCONFERENCIA - Paula Garcia_diar_9,854,516,1370,0.000438
2026-01-15,14:15:05,OBS BUSINESS SCHOOL - VIDEOCONFERENCIA - Paula Garcia_diar_10,882,602,1484,0.000494
2026-01-15,14:15:19,OBS BUSINESS SCHOOL - VIDEOCONFERENCIA - Paula Garcia_diar_11,826,509,1335,0.000429
2026-01-15,14:15:29,OBS BUSINESS SCHOOL - VIDEOCONFERENCIA - Paula Garcia_diar_12,893,605,1498,0.000497
2026-01-15,14:15:31,OBS BUSINESS SCHOOL - VIDEOCONFERENCIA - Paula Garcia_diar_13,395,78,473,0.000106
2026-01-15,14:16:01,OBS BUSINESS SCHOOL - VIDEOCONFERENCIA - Paula Garcia_full,12826,1531,14357,0.002842
2026-01-15,14:16:11,Ruben Di Colloredo- Máster en Dirección Financiera_diar_1,872,437,1309,0.000393
2026-01-15,14:16:21,Ruben Di Colloredo- Máster en Dirección Financiera_diar_2,879,498,1377,0.000431
2026-01-15,14:16:31,Ruben Di Colloredo- Máster en Dirección Financiera_diar_3,857,466,1323,0.000408
2026-01-15,14:16:41,Ruben Di Colloredo- Máster en Dirección Financiera_diar_4,881,499,1380,0.000432
2026-01-15,14:16:51,Ruben Di Colloredo- Máster en Dirección Financiera_diar_5,862,491,1353,0.000424
2026-01-15,14:17:00,Ruben Di Colloredo- Máster en Dirección Financiera_diar_6,899,528,1427,0.000452
2026-01-15,14:17:09,Ruben Di Colloredo- Máster en Dirección Financiera_diar_7,868,497,1365,0.000428
2026-01-15,14:17:20,Ruben Di Colloredo- Máster en Dirección Financiera_diar_8,901,539,1440,0.000459
2026-01-15,14:17:30,Ruben Di Colloredo- Máster en Dirección Financiera_diar_9,942,551,1493,0.000472
2026-01-15,14:17:40,Ruben Di Colloredo- Máster en Dirección Financiera_diar_10,953,545,1498,0.000470
2026-01-15,14:17:51,Ruben Di Colloredo- Máster en Dirección Financiera_diar_11,823,485,1308,0.000414
2026-01-15,14:18:01,Ruben Di Colloredo- Máster en Dirección Financiera_diar_12,831,469,1300,0.000406
2026-01-15,14:18:11,Ruben Di Colloredo- Máster en Dirección Financiera_diar_13,946,574,1520,0.000486
2026-01-15,14:18:21,Ruben Di Colloredo- Máster en Dirección Financiera_diar_14,875,492,1367,0.000426
2026-01-15,14:18:31,Ruben Di Colloredo- Máster en Dirección Financiera_diar_15,931,573,1504,0.000483
2026-01-15,14:18:44,Ruben Di Colloredo- Máster en Dirección Financiera_diar_16,889,530,1419,0.000451
2026-01-15,14:18:53,Ruben Di Colloredo- Máster en Dirección Financiera_diar_17,812,465,1277,0.000401
2026-01-15,14:19:00,Ruben Di Colloredo- Máster en Dirección Financiera_diar_18,821,444,1265,0.000390
2026-01-15,14:19:09,Ruben Di Colloredo- Máster en Dirección Financiera_diar_19,872,503,1375,0.000433
2026-01-15,14:19:21,Ruben Di Colloredo- Máster en Dirección Financiera_diar_20,1046,662,1708,0.000554
2026-01-15,14:19:31,Ruben Di Colloredo- Máster en Dirección Financiera_diar_21,888,514,1402,0.000442
2026-01-15,14:19:41,Ruben Di Colloredo- Máster en Dirección Financiera_diar_22,816,443,1259,0.000388
2026-01-15,14:19:49,Ruben Di Colloredo- Máster en Dirección Financiera_diar_23,826,466,1292,0.000403
2026-01-15,14:19:59,Ruben Di Colloredo- Máster en Dirección Financiera_diar_24,839,482,1321,0.000415
2026-01-15,14:20:12,Ruben Di Colloredo- Máster en Dirección Financiera_diar_25,875,526,1401,0.000447
2026-01-15,14:20:22,Ruben Di Colloredo- Máster en Dirección Financiera_diar_26,883,512,1395,0.000440
2026-01-15,14:20:31,Ruben Di Colloredo- Máster en Dirección Financiera_diar_27,849,477,1326,0.000414
2026-01-15,14:20:43,Ruben Di Colloredo- Máster en Dirección Financiera_diar_28,1009,583,1592,0.000501
2026-01-15,14:20:54,Ruben Di Colloredo- Máster en Dirección Financiera_diar_29,855,482,1337,0.000417
2026-01-15,14:20:55,Ruben Di Colloredo- Máster en Dirección Financiera_diar_30,362,29,391,0.000072
2026-01-15,14:21:27,Ruben Di Colloredo- Máster en Dirección Financiera_full,20673,1590,22263,0.004055
2026-01-15,14:21:35,Sesión sobre Máster en Dirección Financiera _Ania Collado_diar_1,816,454,1270,0.000395
2026-01-15,14:21:45,Sesión sobre Máster en Dirección Financiera _Ania Collado_diar_2,876,512,1388,0.000439
2026-01-15,14:21:55,Sesión sobre Máster en Dirección Financiera _Ania Collado_diar_3,840,471,1311,0.000409
2026-01-15,14:22:06,Sesión sobre Máster en Dirección Financiera _Ania Collado_diar_4,807,442,1249,0.000386
2026-01-15,14:22:20,Sesión sobre Máster en Dirección Financiera _Ania Collado_diar_5,934,581,1515,0.000489
2026-01-15,14:22:32,Sesión sobre Máster en Dirección Financiera _Ania Collado_diar_6,751,408,1159,0.000357
2026-01-15,14:22:43,Sesión sobre Máster en Dirección Financiera _Ania Collado_diar_7,786,434,1220,0.000378
2026-01-15,14:22:55,Sesión sobre Máster en Dirección Financiera _Ania Collado_diar_8,926,570,1496,0.000481
2026-01-15,14:23:04,Sesión sobre Máster en Dirección Financiera _Ania Collado_diar_9,871,514,1385,0.000439
2026-01-15,14:23:17,Sesión sobre Máster en Dirección Financiera _Ania Collado_diar_10,863,520,1383,0.000441
2026-01-15,14:23:24,Sesión sobre Máster en Dirección Financiera _Ania Collado_diar_11,799,364,1163,0.000338
2026-01-15,14:23:34,Sesión sobre Máster en Dirección Financiera _Ania Collado_diar_12,833,468,1301,0.000406
2026-01-15,14:23:44,Sesión sobre Máster en Dirección Financiera _Ania Collado_diar_13,847,496,1343,0.000425
2026-01-15,14:23:54,Sesión sobre Máster en Dirección Financiera _Ania Collado_diar_14,785,434,1219,0.000378
2026-01-15,14:24:06,Sesión sobre Máster en Dirección Financiera _Ania Collado_diar_15,795,449,1244,0.000389
2026-01-15,14:24:16,Sesión sobre Máster en Dirección Financiera _Ania Collado_diar_16,808,451,1259,0.000392
2026-01-15,14:24:25,Sesión sobre Máster en Dirección Financiera _Ania Collado_diar_17,870,508,1378,0.000435
2026-01-15,14:24:34,Sesión sobre Máster en Dirección Financiera _Ania Collado_diar_18,834,428,1262,0.000382
2026-01-15,14:24:43,Sesión sobre Máster en Dirección Financiera _Ania Collado_diar_19,853,497,1350,0.000426
2026-01-15,14:24:51,Sesión sobre Máster en Dirección Financiera _Ania Collado_diar_20,825,471,1296,0.000406
2026-01-15,14:25:02,Sesión sobre Máster en Dirección Financiera _Ania Collado_diar_21,904,539,1443,0.000459
2026-01-15,14:25:09,Sesión sobre Máster en Dirección Financiera _Ania Collado_diar_22,663,304,967,0.000282
2026-01-15,14:25:41,Sesión sobre Máster en Dirección Financiera _Ania Collado_full,16377,1643,18020,0.003442
2026-01-15,15:26:16,Interview - Cindy Navarro_diar_1,916,609,1525,0.000503
2026-01-15,15:26:27,Interview - Cindy Navarro_diar_2,801,494,1295,0.000417
2026-01-15,15:26:40,Interview - Cindy Navarro_diar_3,820,512,1332,0.000430
2026-01-15,15:26:56,Interview - Cindy Navarro_diar_4,789,487,1276,0.000411
2026-01-15,15:27:10,Interview - Cindy Navarro_diar_5,833,519,1352,0.000436
2026-01-15,15:27:23,Interview - Cindy Navarro_diar_6,840,535,1375,0.000447
2026-01-15,15:27:38,Interview - Cindy Navarro_diar_7,897,619,1516,0.000506
2026-01-15,15:27:51,Interview - Cindy Navarro_diar_8,941,620,1561,0.000513
2026-01-15,15:28:09,Interview - Cindy Navarro_diar_9,1047,745,1792,0.000604
2026-01-15,15:28:17,Interview - Cindy Navarro_diar_10,702,371,1073,0.000328
2026-01-15,15:28:59,Interview - Cindy Navarro_full,11938,1682,13620,0.002800
2026-01-15,15:29:09,OBS Business School - Andrea Aicinburu - Dirección Financiera_diar_1,800,459,1259,0.000395
2026-01-15,15:29:18,OBS Business School - Andrea Aicinburu - Dirección Financiera_diar_2,841,504,1345,0.000429
2026-01-15,15:29:30,OBS Business School - Andrea Aicinburu - Dirección Financiera_diar_3,885,526,1411,0.000448
2026-01-15,15:29:45,OBS Business School - Andrea Aicinburu - Dirección Financiera_diar_4,900,553,1453,0.000467
2026-01-15,15:29:57,OBS Business School - Andrea Aicinburu - Dirección Financiera_diar_5,799,457,1256,0.000394
2026-01-15,15:30:08,OBS Business School - Andrea Aicinburu - Dirección Financiera_diar_6,848,485,1333,0.000418
2026-01-15,15:30:24,OBS Business School - Andrea Aicinburu - Dirección Financiera_diar_7,970,583,1553,0.000495
2026-01-15,15:30:36,OBS Business School - Andrea Aicinburu - Dirección Financiera_diar_8,844,504,1348,0.000429
2026-01-15,15:30:48,OBS Business School - Andrea Aicinburu - Dirección Financiera_diar_9,823,470,1293,0.000405
2026-01-15,15:31:04,OBS Business School - Andrea Aicinburu - Dirección Financiera_diar_10,889,543,1432,0.000459
2026-01-15,15:31:19,OBS Business School - Andrea Aicinburu - Dirección Financiera_diar_11,885,531,1416,0.000451
2026-01-15,15:31:34,OBS Business School - Andrea Aicinburu - Dirección Financiera_diar_12,802,448,1250,0.000389
2026-01-15,15:31:48,OBS Business School - Andrea Aicinburu - Dirección Financiera_diar_13,836,489,1325,0.000419
2026-01-15,15:32:02,OBS Business School - Andrea Aicinburu - Dirección Financiera_diar_14,771,409,1180,0.000361
2026-01-15,15:32:38,OBS Business School - Andrea Aicinburu - Dirección Financiera_full,13277,1494,14771,0.002888
2026-01-15,15:32:56,OBS BUSINESS SCHOOL - VIDEOCONFERENCIA - Paula Garcia_diar_1,829,513,1342,0.000432
2026-01-15,15:33:10,OBS BUSINESS SCHOOL - VIDEOCONFERENCIA - Paula Garcia_diar_2,868,548,1416,0.000459
2026-01-15,15:33:24,OBS BUSINESS SCHOOL - VIDEOCONFERENCIA - Paula Garcia_diar_3,818,485,1303,0.000414
2026-01-15,15:33:37,OBS BUSINESS SCHOOL - VIDEOCONFERENCIA - Paula Garcia_diar_4,875,553,1428,0.000463
2026-01-15,15:33:54,OBS BUSINESS SCHOOL - VIDEOCONFERENCIA - Paula Garcia_diar_5,958,643,1601,0.000530
2026-01-15,15:34:07,OBS BUSINESS SCHOOL - VIDEOCONFERENCIA - Paula Garcia_diar_6,857,522,1379,0.000442
2026-01-15,15:34:19,OBS BUSINESS SCHOOL - VIDEOCONFERENCIA - Paula Garcia_diar_7,840,527,1367,0.000442
2026-01-15,15:34:33,OBS BUSINESS SCHOOL - VIDEOCONFERENCIA - Paula Garcia_diar_8,875,584,1459,0.000482
2026-01-15,15:34:45,OBS BUSINESS SCHOOL - VIDEOCONFERENCIA - Paula Garcia_diar_9,854,516,1370,0.000438
2026-01-15,15:34:58,OBS BUSINESS SCHOOL - VIDEOCONFERENCIA - Paula Garcia_diar_10,882,602,1484,0.000494
2026-01-15,15:35:09,OBS BUSINESS SCHOOL - VIDEOCONFERENCIA - Paula Garcia_diar_11,826,509,1335,0.000429
2026-01-15,15:35:27,OBS BUSINESS SCHOOL - VIDEOCONFERENCIA - Paula Garcia_diar_12,893,605,1498,0.000497
2026-01-15,15:35:29,OBS BUSINESS SCHOOL - VIDEOCONFERENCIA - Paula Garcia_diar_13,395,78,473,0.000106
2026-01-15,15:36:06,OBS BUSINESS SCHOOL - VIDEOCONFERENCIA - Paula Garcia_full,12994,1623,14617,0.002923
2026-01-15,15:36:17,Ruben Di Colloredo- Máster en Dirección Financiera_diar_1,872,437,1309,0.000393
2026-01-15,15:36:28,Ruben Di Colloredo- Máster en Dirección Financiera_diar_2,879,498,1377,0.000431
2026-01-15,15:36:39,Ruben Di Colloredo- Máster en Dirección Financiera_diar_3,857,466,1323,0.000408
2026-01-15,15:36:52,Ruben Di Colloredo- Máster en Dirección Financiera_diar_4,881,499,1380,0.000432
2026-01-15,15:37:04,Ruben Di Colloredo- Máster en Dirección Financiera_diar_5,862,491,1353,0.000424
2026-01-15,15:37:18,Ruben Di Colloredo- Máster en Dirección Financiera_diar_6,899,528,1427,0.000452
2026-01-15,15:37:30,Ruben Di Colloredo- Máster en Dirección Financiera_diar_7,868,497,1365,0.000428
2026-01-15,15:37:42,Ruben Di Colloredo- Máster en Dirección Financiera_diar_8,901,539,1440,0.000459
2026-01-15,15:37:54,Ruben Di Colloredo- Máster en Dirección Financiera_diar_9,942,551,1493,0.000472
2026-01-15,15:38:10,Ruben Di Colloredo- Máster en Dirección Financiera_diar_10,953,582,1535,0.000492
2026-01-15,15:38:22,Ruben Di Colloredo- Máster en Dirección Financiera_diar_11,823,485,1308,0.000414
2026-01-15,15:38:33,Ruben Di Colloredo- Máster en Dirección Financiera_diar_12,831,469,1300,0.000406
2026-01-15,15:38:46,Ruben Di Colloredo- Máster en Dirección Financiera_diar_13,946,573,1519,0.000486
2026-01-15,15:39:00,Ruben Di Colloredo- Máster en Dirección Financiera_diar_14,875,494,1369,0.000428
2026-01-15,15:39:15,Ruben Di Colloredo- Máster en Dirección Financiera_diar_15,931,573,1504,0.000483
2026-01-15,15:39:34,Ruben Di Colloredo- Máster en Dirección Financiera_diar_16,889,530,1419,0.000451
2026-01-15,15:39:44,Ruben Di Colloredo- Máster en Dirección Financiera_diar_17,812,465,1277,0.000401
2026-01-15,15:39:54,Ruben Di Colloredo- Máster en Dirección Financiera_diar_18,821,444,1265,0.000390
2026-01-15,15:40:06,Ruben Di Colloredo- Máster en Dirección Financiera_diar_19,872,503,1375,0.000433
2026-01-15,15:40:23,Ruben Di Colloredo- Máster en Dirección Financiera_diar_20,1046,662,1708,0.000554
2026-01-15,15:40:36,Ruben Di Colloredo- Máster en Dirección Financiera_diar_21,888,473,1361,0.000417
2026-01-15,15:40:49,Ruben Di Colloredo- Máster en Dirección Financiera_diar_22,816,443,1259,0.000388
2026-01-15,15:41:02,Ruben Di Colloredo- Máster en Dirección Financiera_diar_23,826,466,1292,0.000403
2026-01-15,15:41:16,Ruben Di Colloredo- Máster en Dirección Financiera_diar_24,839,482,1321,0.000415
2026-01-15,15:41:29,Ruben Di Colloredo- Máster en Dirección Financiera_diar_25,875,526,1401,0.000447
2026-01-15,15:41:42,Ruben Di Colloredo- Máster en Dirección Financiera_diar_26,883,506,1389,0.000436
2026-01-15,15:41:52,Ruben Di Colloredo- Máster en Dirección Financiera_diar_27,849,465,1314,0.000406
2026-01-15,15:42:05,Ruben Di Colloredo- Máster en Dirección Financiera_diar_28,1009,583,1592,0.000501
2026-01-15,15:42:18,Ruben Di Colloredo- Máster en Dirección Financiera_diar_29,855,482,1337,0.000417
2026-01-15,15:42:19,Ruben Di Colloredo- Máster en Dirección Financiera_diar_30,362,29,391,0.000072
2026-01-15,15:42:56,Ruben Di Colloredo- Máster en Dirección Financiera_full,20775,1626,22401,0.004092
2026-01-15,15:43:09,Sesión sobre Máster en Dirección Financiera _Ania Collado_diar_1,816,454,1270,0.000395
2026-01-15,15:43:23,Sesión sobre Máster en Dirección Financiera _Ania Collado_diar_2,876,512,1388,0.000439
2026-01-15,15:43:35,Sesión sobre Máster en Dirección Financiera _Ania Collado_diar_3,840,475,1315,0.000411
2026-01-15,15:43:47,Sesión sobre Máster en Dirección Financiera _Ania Collado_diar_4,807,442,1249,0.000386
2026-01-15,15:44:00,Sesión sobre Máster en Dirección Financiera _Ania Collado_diar_5,934,581,1515,0.000489
2026-01-15,15:44:13,Sesión sobre Máster en Dirección Financiera _Ania Collado_diar_6,751,408,1159,0.000357
2026-01-15,15:44:26,Sesión sobre Máster en Dirección Financiera _Ania Collado_diar_7,786,435,1221,0.000379
2026-01-15,15:44:41,Sesión sobre Máster en Dirección Financiera _Ania Collado_diar_8,926,570,1496,0.000481
2026-01-15,15:44:55,Sesión sobre Máster en Dirección Financiera _Ania Collado_diar_9,871,514,1385,0.000439
2026-01-15,15:45:09,Sesión sobre Máster en Dirección Financiera _Ania Collado_diar_10,863,520,1383,0.000441
2026-01-15,15:45:18,Sesión sobre Máster en Dirección Financiera _Ania Collado_diar_11,799,364,1163,0.000338
2026-01-15,15:45:29,Sesión sobre Máster en Dirección Financiera _Ania Collado_diar_12,833,468,1301,0.000406
2026-01-15,15:45:42,Sesión sobre Máster en Dirección Financiera _Ania Collado_diar_13,847,496,1343,0.000425
2026-01-15,15:45:52,Sesión sobre Máster en Dirección Financiera _Ania Collado_diar_14,785,434,1219,0.000378
2026-01-15,15:46:03,Sesión sobre Máster en Dirección Financiera _Ania Collado_diar_15,795,462,1257,0.000396
2026-01-15,15:46:13,Sesión sobre Máster en Dirección Financiera _Ania Collado_diar_16,808,451,1259,0.000392
2026-01-15,15:46:26,Sesión sobre Máster en Dirección Financiera _Ania Collado_diar_17,870,507,1377,0.000435
2026-01-15,15:46:38,Sesión sobre Máster en Dirección Financiera _Ania Collado_diar_18,834,428,1262,0.000382
2026-01-15,15:46:49,Sesión sobre Máster en Dirección Financiera _Ania Collado_diar_19,853,497,1350,0.000426
2026-01-15,15:47:02,Sesión sobre Máster en Dirección Financiera _Ania Collado_diar_20,825,471,1296,0.000406
2026-01-15,15:47:18,Sesión sobre Máster en Dirección Financiera _Ania Collado_diar_21,904,539,1443,0.000459
2026-01-15,15:47:26,Sesión sobre Máster en Dirección Financiera _Ania Collado_diar_22,663,304,967,0.000282
2026-01-15,15:48:03,Sesión sobre Máster en Dirección Financiera _Ania Collado_full,16518,1760,18278,0.003534
2026-01-15,16:17:21,OBS Business School - Andrea Aicinburu - Dirección Financiera_diar_1,800,447,1247,0.000388
2026-01-15,16:17:33,OBS Business School - Andrea Aicinburu - Dirección Financiera_diar_2,841,504,1345,0.000429
2026-01-15,16:17:46,OBS Business School - Andrea Aicinburu - Dirección Financiera_diar_3,885,526,1411,0.000448
2026-01-15,16:18:00,OBS Business School - Andrea Aicinburu - Dirección Financiera_diar_4,900,553,1453,0.000467
2026-01-15,16:18:11,OBS Business School - Andrea Aicinburu - Dirección Financiera_diar_5,799,457,1256,0.000394
2026-01-15,16:18:22,OBS Business School - Andrea Aicinburu - Dirección Financiera_diar_6,848,485,1333,0.000418
2026-01-15,16:18:35,OBS Business School - Andrea Aicinburu - Dirección Financiera_diar_7,970,583,1553,0.000495
2026-01-15,16:18:45,OBS Business School - Andrea Aicinburu - Dirección Financiera_diar_8,844,496,1340,0.000424
2026-01-15,16:18:56,OBS Business School - Andrea Aicinburu - Dirección Financiera_diar_9,823,470,1293,0.000405
2026-01-15,16:19:08,OBS Business School - Andrea Aicinburu - Dirección Financiera_diar_10,889,543,1432,0.000459
2026-01-15,16:19:19,OBS Business School - Andrea Aicinburu - Dirección Financiera_diar_11,885,531,1416,0.000451
2026-01-15,16:19:30,OBS Business School - Andrea Aicinburu - Dirección Financiera_diar_12,802,448,1250,0.000389
2026-01-15,16:19:42,OBS Business School - Andrea Aicinburu - Dirección Financiera_diar_13,836,489,1325,0.000419
2026-01-15,16:19:51,OBS Business School - Andrea Aicinburu - Dirección Financiera_diar_14,771,409,1180,0.000361
2026-01-15,16:20:31,OBS Business School - Andrea Aicinburu - Dirección Financiera_full,13619,1382,15001,0.002872
2026-01-15,16:20:43,OBS BUSINESS SCHOOL - VIDEOCONFERENCIA - Paula Garcia_diar_1,829,513,1342,0.000432
2026-01-15,16:20:56,OBS BUSINESS SCHOOL - VIDEOCONFERENCIA - Paula Garcia_diar_2,868,548,1416,0.000459
2026-01-15,16:21:09,OBS BUSINESS SCHOOL - VIDEOCONFERENCIA - Paula Garcia_diar_3,818,485,1303,0.000414
2026-01-15,16:21:26,OBS BUSINESS SCHOOL - VIDEOCONFERENCIA - Paula Garcia_diar_4,875,553,1428,0.000463
2026-01-15,16:21:44,OBS BUSINESS SCHOOL - VIDEOCONFERENCIA - Paula Garcia_diar_5,958,643,1601,0.000530
2026-01-15,16:21:55,OBS BUSINESS SCHOOL - VIDEOCONFERENCIA - Paula Garcia_diar_6,857,522,1379,0.000442
2026-01-15,16:22:06,OBS BUSINESS SCHOOL - VIDEOCONFERENCIA - Paula Garcia_diar_7,840,527,1367,0.000442
2026-01-15,16:22:23,OBS BUSINESS SCHOOL - VIDEOCONFERENCIA - Paula Garcia_diar_8,875,584,1459,0.000482
2026-01-15,16:22:34,OBS BUSINESS SCHOOL - VIDEOCONFERENCIA - Paula Garcia_diar_9,854,516,1370,0.000438
2026-01-15,16:22:48,OBS BUSINESS SCHOOL - VIDEOCONFERENCIA - Paula Garcia_diar_10,882,602,1484,0.000494
2026-01-15,16:23:05,OBS BUSINESS SCHOOL - VIDEOCONFERENCIA - Paula Garcia_diar_11,826,509,1335,0.000429
2026-01-15,16:23:18,OBS BUSINESS SCHOOL - VIDEOCONFERENCIA - Paula Garcia_diar_12,893,621,1514,0.000507
2026-01-15,16:23:21,OBS BUSINESS SCHOOL - VIDEOCONFERENCIA - Paula Garcia_diar_13,395,78,473,0.000106
2026-01-15,16:24:01,OBS BUSINESS SCHOOL - VIDEOCONFERENCIA - Paula Garcia_full,13371,1818,15189,0.003096
2026-01-15,16:24:16,Ruben Di Colloredo- Máster en Dirección Financiera_diar_1,872,437,1309,0.000393
2026-01-15,16:24:28,Ruben Di Colloredo- Máster en Dirección Financiera_diar_2,879,498,1377,0.000431
2026-01-15,16:24:40,Ruben Di Colloredo- Máster en Dirección Financiera_diar_3,857,466,1323,0.000408
2026-01-15,16:24:50,Ruben Di Colloredo- Máster en Dirección Financiera_diar_4,881,499,1380,0.000432
2026-01-15,16:25:00,Ruben Di Colloredo- Máster en Dirección Financiera_diar_5,862,491,1353,0.000424
2026-01-15,16:25:11,Ruben Di Colloredo- Máster en Dirección Financiera_diar_6,899,528,1427,0.000452
2026-01-15,16:25:26,Ruben Di Colloredo- Máster en Dirección Financiera_diar_7,868,497,1365,0.000428
2026-01-15,16:25:42,Ruben Di Colloredo- Máster en Dirección Financiera_diar_8,901,539,1440,0.000459
2026-01-15,16:25:56,Ruben Di Colloredo- Máster en Dirección Financiera_diar_9,942,551,1493,0.000472
2026-01-15,16:26:09,Ruben Di Colloredo- Máster en Dirección Financiera_diar_10,953,582,1535,0.000492
2026-01-15,16:26:19,Ruben Di Colloredo- Máster en Dirección Financiera_diar_11,823,483,1306,0.000413
2026-01-15,16:26:32,Ruben Di Colloredo- Máster en Dirección Financiera_diar_12,831,469,1300,0.000406
2026-01-15,16:26:45,Ruben Di Colloredo- Máster en Dirección Financiera_diar_13,946,573,1519,0.000486
2026-01-15,16:26:55,Ruben Di Colloredo- Máster en Dirección Financiera_diar_14,875,494,1369,0.000428
2026-01-15,16:27:08,Ruben Di Colloredo- Máster en Dirección Financiera_diar_15,931,573,1504,0.000483
2026-01-15,16:27:21,Ruben Di Colloredo- Máster en Dirección Financiera_diar_16,889,530,1419,0.000451
2026-01-15,16:27:35,Ruben Di Colloredo- Máster en Dirección Financiera_diar_17,812,465,1277,0.000401
2026-01-15,16:27:46,Ruben Di Colloredo- Máster en Dirección Financiera_diar_18,821,444,1265,0.000390
2026-01-15,16:27:56,Ruben Di Colloredo- Máster en Dirección Financiera_diar_19,872,501,1373,0.000431
2026-01-15,16:28:11,Ruben Di Colloredo- Máster en Dirección Financiera_diar_20,1046,662,1708,0.000554
2026-01-15,16:28:22,Ruben Di Colloredo- Máster en Dirección Financiera_diar_21,888,471,1359,0.000416
2026-01-15,16:28:32,Ruben Di Colloredo- Máster en Dirección Financiera_diar_22,816,443,1259,0.000388
2026-01-15,16:28:45,Ruben Di Colloredo- Máster en Dirección Financiera_diar_23,826,466,1292,0.000403
2026-01-15,16:28:59,Ruben Di Colloredo- Máster en Dirección Financiera_diar_24,839,482,1321,0.000415
2026-01-15,16:29:12,Ruben Di Colloredo- Máster en Dirección Financiera_diar_25,875,526,1401,0.000447
2026-01-15,16:29:23,Ruben Di Colloredo- Máster en Dirección Financiera_diar_26,883,512,1395,0.000440
2026-01-15,16:29:36,Ruben Di Colloredo- Máster en Dirección Financiera_diar_27,849,465,1314,0.000406
2026-01-15,16:29:50,Ruben Di Colloredo- Máster en Dirección Financiera_diar_28,1009,583,1592,0.000501
2026-01-15,16:30:00,Ruben Di Colloredo- Máster en Dirección Financiera_diar_29,855,482,1337,0.000417
2026-01-15,16:30:02,Ruben Di Colloredo- Máster en Dirección Financiera_diar_30,362,29,391,0.000072
2026-01-15,16:30:45,Ruben Di Colloredo- Máster en Dirección Financiera_full,21136,1527,22663,0.004087
2026-01-15,16:30:55,Sesión sobre Máster en Dirección Financiera _Ania Collado_diar_1,816,454,1270,0.000395
2026-01-15,16:31:10,Sesión sobre Máster en Dirección Financiera _Ania Collado_diar_2,876,512,1388,0.000439
2026-01-15,16:31:22,Sesión sobre Máster en Dirección Financiera _Ania Collado_diar_3,840,471,1311,0.000409
2026-01-15,16:31:33,Sesión sobre Máster en Dirección Financiera _Ania Collado_diar_4,807,442,1249,0.000386
2026-01-15,16:31:45,Sesión sobre Máster en Dirección Financiera _Ania Collado_diar_5,934,581,1515,0.000489
2026-01-15,16:31:56,Sesión sobre Máster en Dirección Financiera _Ania Collado_diar_6,751,407,1158,0.000357
2026-01-15,16:32:07,Sesión sobre Máster en Dirección Financiera _Ania Collado_diar_7,786,435,1221,0.000379
2026-01-15,16:32:18,Sesión sobre Máster en Dirección Financiera _Ania Collado_diar_8,926,570,1496,0.000481
